time,open,high,low,close,volume,SMA_20,EMA_20
2020-01-02,8.34,8.34,8.34,8.34,0,,
2020-01-03,8.34,8.34,8.34,8.34,0,,
2020-01-06,8.34,8.34,8.34,8.34,0,,
2020-01-07,8.34,8.34,8.34,8.34,0,,
2020-01-08,8.86,9.33,8.86,9.33,200,,
2020-01-09,9.12,9.33,9.33,9.33,0,,
2020-01-10,9.12,9.33,9.33,9.33,0,,
2020-01-13,9.12,9.33,9.33,9.33,0,,
2020-01-14,9.12,9.33,9.33,9.33,0,,
2020-01-15,9.12,9.12,9.12,9.12,1000,,
2020-01-16,9.12,9.12,9.12,9.12,0,,
2020-01-17,7.87,10.42,7.87,10.42,600,,
2020-01-20,10.0,10.42,10.42,10.42,0,,
2020-01-21,10.0,10.42,10.42,10.42,0,,
2020-01-22,10.0,10.42,10.42,10.42,0,,
2020-01-30,10.0,10.0,10.0,10.0,100,,
2020-01-31,10.0,10.0,10.0,10.0,100,,
2020-02-03,10.0,10.0,10.0,10.0,600,,
2020-02-04,10.0,10.0,10.0,10.0,0,,
2020-02-05,10.0,10.0,10.0,10.0,0,9.4965,9.5967
2020-02-06,10.0,10.0,10.0,10.0,0,9.5795,9.6351
2020-02-07,10.0,10.0,10.0,10.0,0,9.6625,9.6699
2020-02-10,10.0,10.0,10.0,10.0,200,9.7455,9.7013
2020-02-11,10.0,10.0,10.0,10.0,0,9.8285,9.7298
2020-02-12,10.0,10.0,10.0,10.0,0,9.862,9.7555
2020-02-13,10.0,10.0,10.0,10.0,0,9.8955,9.7788
2020-02-14,10.0,10.0,10.0,10.0,0,9.929,9.7999
2020-02-17,9.38,9.38,9.38,9.38,500,9.9315,9.7599
2020-02-18,9.38,9.95,9.38,9.95,1600,9.9625,9.778
2020-02-19,9.59,9.95,9.95,9.95,0,10.004,9.7944
2020-02-20,9.59,9.95,9.95,9.95,0,10.0455,9.8092
2020-02-21,8.86,8.86,8.86,8.86,1000,9.9675,9.7188
2020-02-24,8.86,8.86,8.86,8.86,0,9.8895,9.637
2020-02-25,8.86,8.86,8.86,8.86,0,9.8115,9.563
2020-02-26,8.86,8.86,8.86,8.86,0,9.7335,9.496
2020-02-27,7.82,7.82,7.82,7.82,400,9.6245,9.3364
2020-02-28,8.96,8.96,8.96,8.96,100,9.5725,9.3006
2020-03-02,8.96,8.96,8.96,8.96,0,9.5205,9.2681
2020-03-03,8.96,8.96,8.96,8.96,38,9.4685,9.2388
2020-03-04,8.96,8.96,8.96,8.96,0,9.4165,9.2122
2020-03-05,8.96,8.96,8.96,8.96,200,9.3645,9.1882
2020-03-06,8.96,8.96,8.96,8.96,0,9.3125,9.1665
2020-03-09,8.96,8.96,8.96,8.96,0,9.2605,9.1468
2020-03-10,8.96,8.96,8.96,8.96,0,9.2085,9.129
2020-03-11,8.96,8.96,8.96,8.96,0,9.1565,9.1129
2020-03-12,8.96,8.96,8.96,8.96,0,9.1045,9.0984
2020-03-13,10.26,10.26,10.26,10.26,100,9.1175,9.209
2020-03-16,10.26,10.26,10.26,10.26,0,9.1615,9.3091
2020-03-17,10.26,10.26,10.26,10.26,0,9.177,9.3997
2020-03-18,10.26,10.26,10.26,10.26,0,9.1925,9.4816
2020-03-19,10.26,10.26,10.26,10.26,10,9.208,9.5557
2020-03-20,10.26,10.26,10.26,10.26,0,9.278,9.6228
2020-03-23,10.26,10.26,10.26,10.26,0,9.348,9.6835
2020-03-24,10.26,10.26,10.26,10.26,0,9.418,9.7384
2020-03-25,10.26,10.26,10.26,10.26,0,9.488,9.7881
2020-03-26,10.26,10.26,10.26,10.26,0,9.61,9.833
2020-03-27,10.26,10.26,10.26,10.26,0,9.675,9.8737
2020-03-30,10.26,10.26,10.26,10.26,0,9.74,9.9105
2020-03-31,10.26,10.26,10.26,10.26,0,9.805,9.9438
2020-04-01,10.26,10.26,10.26,10.26,0,9.87,9.9739
2020-04-03,10.26,10.26,10.26,10.26,0,9.935,10.0011
2020-04-06,10.26,10.26,10.26,10.26,0,10.0,10.0258
2020-04-07,10.26,10.26,10.26,10.26,0,10.065,10.0481
2020-04-08,10.26,10.26,10.26,10.26,0,10.13,10.0683
2020-04-09,10.26,10.26,10.26,10.26,0,10.195,10.0865
2020-04-10,10.26,10.26,10.26,10.26,0,10.26,10.1031
2020-04-13,10.26,10.26,10.26,10.26,0,10.26,10.118
2020-04-14,10.26,10.26,10.26,10.26,0,10.26,10.1315
2020-04-15,10.26,10.26,10.26,10.26,0,10.26,10.1438
2020-04-16,8.75,8.75,8.75,8.75,3430,10.1845,10.011
2020-04-17,10.06,10.06,10.06,10.06,114,10.1745,10.0157
2020-04-20,8.86,8.86,8.86,8.86,1600,10.1045,9.9056
2020-04-21,9.38,9.38,9.38,9.38,100,10.0605,9.8556
2020-04-22,8.86,8.86,8.86,8.86,602,9.9905,9.7607
2020-04-23,9.9,9.9,9.9,9.9,100,9.9725,9.774
2020-04-24,9.9,9.9,9.9,9.9,0,9.9545,9.786
2020-04-27,8.86,8.86,8.86,8.86,100,9.8845,9.6978
2020-04-28,8.86,9.12,8.86,9.12,700,9.8275,9.6428
2020-04-29,9.59,9.59,9.59,9.59,100,9.794,9.6378
2020-05-04,9.59,9.59,9.59,9.59,0,9.7605,9.6332
2020-05-05,9.59,9.59,9.59,9.59,0,9.727,9.6291
2020-05-06,9.59,9.59,9.59,9.59,0,9.6935,9.6254
2020-05-07,8.86,8.86,8.86,8.86,2953,9.6235,9.5525
2020-05-08,8.86,8.86,8.86,8.86,0,9.5535,9.4865
2020-05-11,8.6,9.9,8.6,9.9,210,9.5355,9.5259
2020-05-12,9.12,9.12,8.86,8.86,2410,9.4655,9.4625
2020-05-13,8.86,8.86,8.86,8.86,800,9.3955,9.4051
2020-05-14,8.86,8.86,8.86,8.86,20,9.3255,9.3532
2020-05-15,8.86,8.86,8.86,8.86,1200,9.2555,9.3062
2020-05-18,9.38,9.38,9.38,9.38,110,9.287,9.3132
2020-05-19,9.33,9.33,9.33,9.33,31591,9.2505,9.3148
2020-05-20,9.33,9.33,9.33,9.33,0,9.274,9.3163
2020-05-21,9.33,9.33,9.33,9.33,248,9.2715,9.3176
2020-05-22,9.33,9.33,9.33,9.33,30,9.295,9.3188
2020-05-25,9.33,9.33,9.33,9.33,0,9.2665,9.3198
2020-05-26,9.33,9.33,9.33,9.33,17,9.238,9.3208
2020-05-27,9.33,9.33,9.33,9.33,0,9.2615,9.3217
2020-05-28,9.33,9.33,9.33,9.33,0,9.272,9.3225
2020-05-29,9.33,9.33,9.33,9.33,0,9.259,9.3232
2020-06-01,9.33,9.33,9.33,9.33,0,9.246,9.3238
2020-06-02,8.34,8.86,8.34,8.86,3230,9.2095,9.2797
2020-06-03,8.54,8.86,8.86,8.86,0,9.173,9.2397
2020-06-04,8.34,8.86,7.55,8.86,803,9.173,9.2035
2020-06-05,8.13,8.86,8.86,8.86,0,9.173,9.1708
2020-06-08,8.86,8.96,8.65,8.96,430,9.126,9.1507
2020-06-09,8.86,8.86,8.86,8.86,500,9.126,9.1231
2020-06-10,8.6,8.86,8.6,8.86,1500,9.126,9.098
2020-06-11,8.7,8.86,8.86,8.86,0,9.126,9.0753
2020-06-12,8.86,8.86,8.86,8.86,300,9.126,9.0548
2020-06-15,8.86,8.86,8.6,8.6,700,9.087,9.0115
2020-06-16,8.8,8.8,8.8,8.6,3,9.0505,8.9723
2020-06-17,8.8,8.6,8.6,8.6,0,9.014,8.9369
2020-06-18,8.8,8.6,8.6,8.6,0,8.9775,8.9048
2020-06-19,8.8,8.6,8.6,8.6,0,8.941,8.8757
2020-06-22,8.34,8.91,8.34,8.91,1900,8.92,8.879
2020-06-23,8.91,8.91,8.91,8.91,123,8.899,8.882
2020-06-24,8.91,8.91,8.91,8.91,0,8.878,8.8846
2020-06-25,8.91,8.91,8.91,8.91,800,8.857,8.887
2020-06-26,8.91,8.91,8.91,8.91,0,8.836,8.8892
2020-06-29,8.44,8.91,8.44,8.91,1200,8.815,8.8912
2020-06-30,8.54,8.91,8.91,8.91,0,8.8175,8.893
2020-07-01,8.6,8.6,8.6,8.6,200,8.8045,8.8651
2020-07-02,8.6,8.6,8.6,8.6,0,8.7915,8.8398
2020-07-03,8.75,8.75,8.75,8.75,1000,8.786,8.8313
2020-07-06,8.86,8.86,8.86,8.86,200,8.781,8.834
2020-07-07,8.86,8.86,8.86,8.86,0,8.781,8.8365
2020-07-08,9.12,9.27,9.12,9.27,1510,8.8015,8.8778
2020-07-09,9.12,9.12,9.12,9.12,400,8.8145,8.9009
2020-07-10,8.34,8.34,8.34,8.34,300,8.7885,8.8474
2020-07-13,8.86,8.86,8.86,8.86,1000,8.8015,8.8486
2020-07-14,8.86,8.86,8.86,8.86,0,8.8145,8.8497
2020-07-15,8.86,8.86,8.86,8.86,0,8.8275,8.8507
2020-07-16,8.86,8.86,8.86,8.86,0,8.8405,8.8516
2020-07-17,8.86,8.86,8.86,8.86,0,8.8535,8.8524
2020-07-20,8.86,8.86,8.86,8.86,0,8.851,8.8531
2020-07-21,8.86,8.86,8.86,8.86,0,8.8485,8.8538
2020-07-22,9.12,9.12,8.6,8.86,1100,8.846,8.8544
2020-07-23,8.34,8.7,8.34,8.7,1200,8.8355,8.8397
2020-07-24,8.39,8.7,8.7,8.7,0,8.825,8.8264
2020-07-27,8.34,8.34,7.82,7.82,1500,8.7705,8.7305
2020-07-28,7.97,7.82,7.82,7.82,0,8.716,8.6438
2020-07-29,7.97,7.82,7.82,7.82,0,8.677,8.5653
2020-07-30,7.97,7.82,7.82,7.82,0,8.638,8.4944
2020-07-31,7.97,8.54,7.97,8.54,1100,8.6275,8.4987
2020-08-03,8.23,8.23,8.23,8.23,300,8.596,8.4731
2020-08-04,9.33,9.33,9.33,9.33,100,8.6195,8.5547
2020-08-05,8.86,8.86,8.86,8.86,200,8.599,8.5838
2020-08-06,8.6,8.86,8.6,8.86,1400,8.586,8.6101
2020-08-07,8.86,8.86,8.86,8.86,300,8.612,8.6339
2020-08-10,9.38,9.38,9.38,9.38,100,8.638,8.705
2020-08-11,8.86,9.38,8.86,9.38,200,8.664,8.7692
2020-08-12,9.27,9.27,9.27,9.27,100,8.6845,8.8169
2020-08-13,9.38,9.38,9.38,9.38,100,8.7105,8.8706
2020-08-14,9.17,9.22,9.17,9.22,700,8.7285,8.9038
2020-08-17,9.38,9.38,9.38,9.38,200,8.7545,8.9492
2020-08-18,9.27,9.38,9.27,9.38,3100,8.7805,8.9902
2020-08-19,9.64,9.64,9.38,9.38,2000,8.8065,9.0273
2020-08-20,9.64,9.64,9.64,9.64,400,8.8535,9.0857
2020-08-21,9.38,9.38,9.38,9.38,500,8.8875,9.1137
2020-08-24,9.38,9.38,9.38,9.38,30,8.9655,9.1391
2020-08-25,9.38,9.38,9.38,9.38,1110,9.0435,9.162
2020-08-26,9.38,9.38,9.27,9.27,1410,9.116,9.1723
2020-08-27,9.27,9.27,9.27,9.27,3,9.1885,9.1816
2020-08-28,10.49,10.49,9.72,9.83,23700,9.253,9.2434
2020-08-31,10.05,10.05,9.72,9.72,2940,9.3275,9.2888
2020-09-01,9.77,9.77,9.38,9.38,1100,9.33,9.2974
2020-09-03,9.38,9.49,9.38,9.49,1100,9.3615,9.3158
2020-09-04,9.49,9.49,9.49,9.49,1000,9.393,9.3324
2020-09-07,9.66,9.66,9.66,9.66,100,9.433,9.3636
2020-09-08,9.66,9.66,9.66,9.66,1000,9.447,9.3918
2020-09-09,9.66,9.66,9.66,9.66,700,9.461,9.4174
2020-09-10,9.66,9.66,9.49,9.49,3000,9.472,9.4243
2020-09-11,9.49,9.49,9.11,9.11,3100,9.4585,9.3943
2020-09-14,9.44,9.11,9.11,9.11,0,9.453,9.3673
2020-09-15,9.38,9.38,8.39,8.39,600,9.4035,9.2742
2020-09-16,8.78,8.39,8.39,8.39,0,9.354,9.19
2020-09-17,8.83,8.83,8.78,8.78,1600,9.324,9.1509
2020-09-18,8.78,8.83,8.39,8.39,2800,9.2615,9.0785
2020-09-21,8.56,8.56,8.56,8.56,5000,9.2205,9.0291
2020-09-22,8.56,8.56,8.45,8.45,8600,9.174,8.9739
2020-09-23,8.78,8.78,8.45,8.45,1000,9.1275,8.924
2020-09-24,8.61,8.45,8.45,8.45,0,9.0865,8.8789
2020-09-25,8.61,8.45,8.45,8.45,0,9.0455,8.838
2020-09-28,8.61,8.61,8.61,8.61,200,8.9845,8.8163
2020-09-29,8.61,8.61,8.56,8.56,7000,8.9265,8.7919
2020-09-30,8.61,8.61,8.61,8.61,1000,8.888,8.7746
2020-10-01,8.28,8.39,8.28,8.28,10054,8.8275,8.7275
2020-10-02,8.28,8.28,8.28,8.28,2100,8.767,8.6849
2020-10-05,8.28,8.28,8.28,8.28,0,8.698,8.6463
2020-10-06,8.28,8.28,8.11,8.11,7100,8.6205,8.5952
2020-10-07,8.23,8.23,8.17,8.17,700,8.546,8.5547
2020-10-08,8.17,8.28,8.06,8.28,700,8.4855,8.5286
2020-10-09,8.23,8.39,8.23,8.39,2600,8.4495,8.5154
2020-10-12,8.28,8.39,8.39,8.39,0,8.4135,8.5034
2020-10-13,8.28,8.39,8.39,8.39,0,8.4135,8.4926
2020-10-14,8.28,8.39,8.39,8.39,0,8.4135,8.4829
2020-10-15,8.39,8.61,8.28,8.28,21500,8.3885,8.4635
2020-10-16,8.67,8.67,8.0,8.17,9800,8.3775,8.4356
2020-10-19,8.28,8.28,8.28,8.28,400,8.3635,8.4208
2020-10-20,8.28,8.28,8.17,8.28,7000,8.355,8.4074
2020-10-21,8.28,8.28,8.23,8.23,3400,8.344,8.3905
2020-10-22,8.11,8.11,8.11,8.11,700,8.327,8.3638
2020-10-23,8.0,8.17,8.0,8.17,2000,8.313,8.3453
2020-10-26,7.95,7.95,7.78,7.78,1000,8.2715,8.2915
2020-10-27,7.95,7.95,7.95,7.95,1000,8.241,8.2589
2020-10-28,7.95,7.95,7.95,7.95,1400,8.208,8.2295
2020-10-29,7.95,8.06,7.95,7.95,2800,8.1915,8.2029
2020-10-30,8.56,8.56,8.28,8.28,300,8.1915,8.2102
2020-11-02,8.17,8.17,8.17,8.17,300,8.186,8.2064
2020-11-03,8.06,8.11,8.06,8.11,2800,8.186,8.1972
2020-11-04,8.11,8.11,8.0,8.0,2100,8.1775,8.1784
2020-11-05,8.06,8.06,7.95,7.95,1100,8.161,8.1567
2020-11-06,7.95,7.95,7.95,7.95,1700,8.139,8.137
2020-11-09,8.17,8.28,8.17,8.28,1500,8.1335,8.1506
2020-11-10,8.23,8.23,8.23,8.23,100,8.1255,8.1582
2020-11-11,8.23,8.23,8.11,8.11,200,8.1115,8.1536
2020-11-12,8.11,8.11,8.11,8.11,100,8.103,8.1494
2020-11-13,8.11,8.11,8.11,8.11,200,8.1,8.1457
2020-11-16,8.11,8.11,7.73,7.95,5700,8.0835,8.127
2020-11-17,7.84,7.89,7.84,7.84,3800,8.0615,8.0997
2020-11-18,8.06,8.11,8.06,8.11,1800,8.0555,8.1007
2020-11-19,8.11,8.11,8.0,8.0,4300,8.05,8.0911
2020-11-20,8.0,8.11,8.0,8.11,2400,8.047,8.0929
2020-11-23,8.0,8.11,8.0,8.0,1000,8.058,8.0841
2020-11-24,8.0,8.11,8.0,8.0,400,8.0605,8.076
2020-11-25,8.0,8.0,7.78,7.84,10700,8.055,8.0536
2020-11-26,7.84,7.84,7.84,7.84,1000,8.0495,8.0332
2020-11-27,7.78,8.0,7.78,7.78,7800,8.0245,8.0091
2020-11-30,7.95,7.95,7.78,7.84,9600,8.008,7.993
2020-12-01,7.89,7.95,7.84,7.95,2400,8.0,7.9889
2020-12-02,8.0,8.11,7.78,8.0,19600,8.0,7.99
2020-12-03,7.95,8.61,7.89,8.06,14100,8.0055,7.9966
2020-12-04,8.0,8.0,7.89,8.0,4400,8.008,7.997
2020-12-07,7.95,8.06,7.95,8.06,1700,7.997,8.003
2020-12-08,8.0,8.06,7.95,8.06,7100,7.9885,8.0084
2020-12-09,8.0,8.17,8.0,8.06,16400,7.986,8.0133
2020-12-10,8.06,8.11,8.0,8.06,8200,7.9835,8.0178
2020-12-11,8.06,8.06,8.0,8.06,4230,7.981,8.0218
2020-12-14,8.06,8.11,7.95,7.95,15000,7.981,8.0149
2020-12-15,8.0,8.06,8.0,8.06,1011,7.992,8.0192
2020-12-16,8.06,8.11,8.0,8.11,4200,7.992,8.0279
2020-12-17,8.11,8.11,8.06,8.06,12600,7.995,8.0309
2020-12-18,8.06,8.06,7.95,7.95,5000,7.987,8.0232
2020-12-21,8.06,8.11,8.06,8.11,1300,7.9925,8.0315
2020-12-22,8.0,8.06,8.0,8.06,7310,7.9955,8.0342
2020-12-23,8.0,8.06,8.0,8.06,4100,8.0065,8.0367
2020-12-24,8.06,9.05,8.06,8.72,44600,8.0505,8.1017
2020-12-25,8.67,9.44,8.67,9.22,11955,8.1225,8.2082
2020-12-28,9.16,9.16,8.89,9.05,7100,8.183,8.2884
2020-12-29,9.0,9.0,8.56,8.83,28424,8.227,8.34
2020-12-30,8.83,9.49,8.61,9.49,27061,8.3015,8.4495
2020-12-31,9.44,9.61,9.05,9.44,10380,8.3705,8.5438
2021-01-04,9.05,9.44,9.05,9.38,9100,8.4395,8.6235
2021-01-05,9.38,9.38,9.22,9.38,26359,8.5055,8.6955
2021-01-06,9.55,9.88,9.55,9.83,9500,8.594,8.8036
2021-01-07,9.83,9.83,9.44,9.44,6800,8.663,8.8642
2021-01-08,9.44,9.55,9.33,9.55,8200,8.7375,8.9295
2021-01-11,9.16,9.49,9.11,9.49,8700,8.809,8.9829
2021-01-12,9.49,9.61,9.38,9.61,5428,8.892,9.0426
2021-01-13,9.61,9.61,9.22,9.27,11500,8.9525,9.0643
2021-01-14,9.38,9.44,9.33,9.44,3500,9.019,9.1
2021-01-15,9.44,9.61,9.44,9.55,5400,9.0935,9.1429
2021-01-18,9.55,9.61,9.38,9.61,7001,9.1765,9.1874
2021-01-19,9.49,9.49,8.94,9.05,12500,9.2235,9.1743
2021-01-20,9.05,9.27,9.05,9.11,2600,9.276,9.1682
2021-01-21,9.22,9.33,9.16,9.16,1100,9.331,9.1674
2021-01-22,9.27,9.27,9.27,9.22,3900,9.356,9.1724
2021-01-25,9.27,9.27,9.27,9.27,2100,9.3585,9.1817
2021-01-26,9.27,9.27,9.16,9.16,4114,9.364,9.1796
2021-01-27,9.49,9.49,9.49,9.49,160,9.397,9.2092
2021-01-28,8.83,8.83,8.11,8.11,12800,9.328,9.1045
2021-01-29,8.11,8.83,8.11,8.83,4200,9.2975,9.0784
2021-02-01,9.44,9.44,9.44,9.44,103,9.3005,9.1128
2021-02-02,8.83,8.83,8.17,8.17,3600,9.24,9.023
2021-02-03,8.72,8.83,8.72,8.78,3747,9.1875,8.9999
2021-02-04,8.78,8.78,8.23,8.61,1100,9.146,8.9627
2021-02-05,8.39,8.56,8.39,8.45,3200,9.091,8.9139
2021-02-08,8.78,8.78,8.72,8.72,603,9.0525,8.8954
2021-02-09,8.34,8.78,8.34,8.78,1700,9.011,8.8844
2021-02-17,8.45,8.78,8.45,8.78,3959,8.9865,8.8745
2021-02-18,8.61,8.78,8.61,8.78,1500,8.9535,8.8655
2021-02-19,8.61,8.78,8.61,8.72,500,8.912,8.8516
2021-02-22,8.72,8.72,8.72,8.72,1200,8.8675,8.8391
2021-02-23,8.78,8.78,8.78,8.78,900,8.854,8.8335
2021-02-24,8.67,8.78,8.61,8.61,1600,8.829,8.8122
2021-02-25,8.61,8.72,8.61,8.72,300,8.807,8.8034
2021-02-26,8.72,8.83,8.72,8.83,2200,8.7875,8.8059
2021-03-01,8.83,8.89,8.61,8.83,6320,8.7655,8.8082
2021-03-02,8.83,8.89,8.78,8.83,3712,8.749,8.8103
2021-03-03,8.78,9.16,8.78,9.16,4507,8.7325,8.8436
2021-03-04,9.0,9.05,8.89,9.05,11900,8.7795,8.8633
2021-03-05,9.27,9.38,9.16,9.16,1027,8.796,8.8915
2021-03-08,9.33,9.38,9.33,9.38,2532,8.793,8.938
2021-03-09,9.38,9.49,9.11,9.11,6800,8.84,8.9544
2021-03-10,9.33,9.55,9.33,9.38,5200,8.87,8.995
2021-03-11,9.49,9.49,9.38,9.38,400,8.9085,9.0316
2021-03-12,9.44,9.44,9.11,9.11,8600,8.9415,9.0391
2021-03-15,9.38,9.66,9.38,9.66,8522,8.9885,9.0982
2021-03-16,9.72,10.21,9.72,9.88,18507,9.0435,9.1727
2021-03-17,9.94,9.94,9.72,9.83,3600,9.096,9.2353
2021-03-18,9.77,9.77,9.66,9.77,1500,9.1455,9.2862
2021-03-19,9.72,9.77,9.72,9.72,1600,9.1955,9.3275
2021-03-22,9.38,9.66,9.38,9.55,2666,9.237,9.3487
2021-03-23,9.55,9.55,8.83,9.33,4400,9.2645,9.3469
2021-03-24,9.38,9.49,9.27,9.27,7864,9.2975,9.3396
2021-03-25,9.38,9.38,9.38,9.27,66,9.325,9.333
2021-03-26,9.38,9.38,8.89,9.27,9013,9.347,9.327
2021-03-29,9.33,9.49,9.33,9.49,6600,9.38,9.3425
2021-03-30,9.49,9.49,9.38,9.38,7700,9.4075,9.3461
2021-03-31,9.38,9.38,9.27,9.38,3100,9.4185,9.3493
2021-04-01,9.38,9.49,9.38,9.49,4800,9.4405,9.3627
2021-04-02,9.44,9.44,9.33,9.33,5800,9.449,9.3596
2021-04-05,9.44,9.49,9.38,9.49,14300,9.4545,9.372
2021-04-06,9.61,9.61,9.49,9.49,1400,9.4735,9.3832
2021-04-07,9.94,9.94,9.66,9.83,8700,9.496,9.4258
2021-04-08,9.94,10.05,9.94,9.94,6379,9.524,9.4748
2021-04-09,9.94,9.94,9.44,9.44,2200,9.5405,9.4715
2021-04-12,9.66,9.66,9.66,9.66,4450,9.5405,9.4894
2021-04-13,9.72,9.72,9.72,9.72,3610,9.5325,9.5114
2021-04-14,9.66,9.66,9.44,9.44,3500,9.513,9.5046
2021-04-15,9.49,9.49,9.38,9.38,3000,9.4935,9.4927
2021-04-16,9.44,9.55,9.44,9.44,2610,9.4795,9.4877
2021-04-19,9.83,9.94,9.83,9.83,3700,9.4935,9.5203
2021-04-20,9.72,9.72,9.66,9.66,900,9.51,9.5336
2021-04-22,9.66,9.94,9.44,9.94,5700,9.5435,9.5723
2021-04-23,9.83,9.83,9.49,9.49,2403,9.5545,9.5645
2021-04-26,9.55,9.55,9.49,9.49,3000,9.5655,9.5574
2021-04-27,9.38,9.66,9.38,9.38,5600,9.56,9.5405
2021-04-28,9.49,9.49,9.49,9.49,200,9.5655,9.5357
2021-04-29,9.66,9.66,9.66,9.66,800,9.5795,9.5475
2021-05-04,9.72,9.72,9.38,9.72,6000,9.591,9.5639
2021-05-05,9.94,9.94,9.66,9.94,7900,9.6215,9.5998
2021-05-06,9.38,9.94,9.38,9.94,10700,9.644,9.6322
2021-05-07,9.94,9.94,9.94,9.94,282,9.6665,9.6615
2021-05-10,9.94,9.94,9.77,9.77,6249,9.6635,9.6718
2021-05-11,9.83,9.94,9.77,9.94,4051,9.6635,9.6974
2021-05-12,9.77,9.77,9.77,9.77,1100,9.68,9.7043
2021-05-13,9.72,9.72,9.66,9.66,675,9.68,9.7001
2021-05-14,9.72,9.94,9.72,9.94,19658,9.691,9.7229
2021-05-17,11.43,11.43,10.21,10.38,10573,9.738,9.7855
2021-05-18,10.49,11.04,10.43,10.43,3900,9.7905,9.8469
2021-05-19,10.76,11.59,9.94,10.76,9918,9.8565,9.9338
2021-05-20,11.04,11.04,10.21,10.49,2900,9.8895,9.9868
2021-05-21,10.6,10.6,10.38,10.38,1300,9.9255,10.0243
2021-05-24,10.82,10.82,10.43,10.43,7601,9.95,10.0629
2021-05-25,10.21,10.54,10.21,10.49,1209,10.0,10.1036
2021-05-26,10.21,10.21,10.21,10.21,7000,10.036,10.1137
2021-05-27,10.21,10.71,9.94,10.21,9648,10.0775,10.1229
2021-05-28,10.27,10.27,10.1,10.16,4800,10.111,10.1264
2021-05-31,9.94,10.38,9.66,10.27,21535,10.1415,10.1401
2021-06-01,10.16,10.16,9.94,9.94,4400,10.1525,10.121
2021-06-02,9.94,10.05,9.94,10.05,13410,10.158,10.1143
2021-06-03,10.16,10.16,10.1,10.16,4100,10.169,10.1186
2021-06-04,10.21,11.04,10.16,10.49,6100,10.1965,10.154
2021-06-07,10.49,10.49,10.21,10.49,4938,10.2325,10.186
2021-06-08,10.49,10.49,10.27,10.43,6100,10.257,10.2092
2021-06-09,10.32,10.71,10.32,10.43,4460,10.29,10.2303
2021-06-10,10.71,10.71,10.43,10.49,3700,10.3315,10.255
2021-06-11,10.49,10.54,10.49,10.49,1900,10.359,10.2774
2021-06-14,10.43,10.49,10.43,10.43,8800,10.3615,10.2919
2021-06-15,10.49,10.49,10.43,10.43,1703,10.3615,10.3051
2021-06-16,10.43,10.65,10.43,10.65,7700,10.356,10.3379
2021-06-17,9.99,10.65,9.99,10.65,6240,10.364,10.3676
2021-06-18,10.65,10.82,9.49,10.49,8400,10.3695,10.3793
2021-06-21,10.71,10.71,10.27,10.49,10700,10.3725,10.3898
2021-06-22,10.49,10.49,10.38,10.49,2600,10.3725,10.3994
2021-06-23,10.43,10.43,10.43,10.43,1400,10.3835,10.4023
2021-06-24,10.38,10.38,10.38,10.38,500,10.392,10.4002
2021-06-25,10.38,10.49,10.38,10.38,3100,10.403,10.3982
2021-06-28,10.21,10.38,10.21,10.38,5712,10.4085,10.3965
2021-06-29,10.27,10.27,10.27,10.27,6528,10.425,10.3845
2021-06-30,10.27,10.27,10.21,10.21,4300,10.433,10.3678
2021-07-01,10.21,10.21,9.83,9.83,1400,10.4165,10.3166
2021-07-02,10.05,10.38,9.94,10.27,5600,10.4055,10.3122
2021-07-05,10.27,10.32,10.27,10.32,5200,10.397,10.3129
2021-07-06,10.16,10.27,10.16,10.27,1300,10.389,10.3088
2021-07-07,10.27,10.27,10.27,10.27,0,10.381,10.3051
2021-07-08,10.27,10.32,10.27,10.27,2000,10.37,10.3018
2021-07-09,10.27,10.27,9.72,10.21,2000,10.356,10.2931
2021-07-12,10.21,10.21,9.77,9.77,1017,10.323,10.2432
2021-07-13,9.88,10.16,9.88,10.16,802,10.3095,10.2353
2021-07-14,10.27,10.27,10.27,10.27,712,10.2905,10.2386
2021-07-15,10.21,10.21,9.99,9.99,211,10.2575,10.2149
2021-07-16,10.43,10.43,9.94,10.32,702,10.249,10.2249
2021-07-19,9.83,9.99,9.83,9.99,1500,10.224,10.2026
2021-07-20,9.88,9.99,9.88,9.94,4100,10.1965,10.1776
2021-07-21,10.43,10.43,9.94,10.1,2400,10.18,10.1702
2021-07-22,10.1,10.27,10.1,10.27,6000,10.1745,10.1797
2021-07-23,10.16,10.21,10.16,10.16,6550,10.1635,10.1778
2021-07-26,10.38,10.38,10.27,10.27,2818,10.158,10.1866
2021-07-27,10.32,10.32,10.32,10.32,1300,10.1605,10.1993
2021-07-28,10.76,10.76,10.49,10.49,3900,10.1745,10.227
2021-07-29,10.21,10.54,10.21,10.54,1300,10.21,10.2568
2021-07-30,10.49,10.49,10.43,10.43,600,10.218,10.2733
2021-08-02,10.49,10.87,10.43,10.65,8808,10.2345,10.3092
2021-08-03,11.18,11.23,11.12,11.12,11400,10.277,10.3864
2021-08-04,11.18,11.18,11.18,11.18,1400,10.3225,10.462
2021-08-05,10.77,10.77,10.77,10.77,2200,10.3475,10.4913
2021-08-06,10.77,10.77,10.59,10.65,500,10.3695,10.5064
2021-08-09,10.65,11.0,10.65,11.0,5000,10.431,10.5534
2021-08-10,10.94,11.23,10.94,11.12,9600,10.479,10.6074
2021-08-11,11.12,11.12,11.12,11.12,300,10.5215,10.6562
2021-08-12,11.23,11.35,11.06,11.35,4000,10.5895,10.7223
2021-08-13,11.58,11.58,11.35,11.35,2400,10.641,10.7821
2021-08-16,11.64,11.64,11.12,11.18,9140,10.7005,10.82
2021-08-17,11.18,11.18,11.0,11.0,1000,10.7535,10.8371
2021-08-18,11.06,11.52,11.06,11.47,17007,10.822,10.8974
2021-08-19,11.47,11.47,11.18,11.23,3200,10.87,10.9291
2021-08-20,11.93,12.22,11.41,11.41,8700,10.9325,10.9749
2021-08-23,11.06,11.58,11.06,11.23,5800,10.9805,10.9992
2021-08-24,11.18,11.35,11.12,11.18,12000,11.0235,11.0164
2021-08-25,11.18,11.18,11.06,11.18,9000,11.058,11.032
2021-08-26,11.12,12.75,11.12,12.75,47700,11.1685,11.1956
2021-08-27,13.97,13.97,13.1,13.97,31114,11.3455,11.4598
2021-08-30,16.06,16.06,16.06,16.06,98200,11.616,11.8979
2021-08-31,17.46,18.45,16.88,18.39,108314,11.9795,12.5162
2021-09-01,17.46,18.39,16.59,17.17,33119,12.279,12.9594
2021-09-06,17.11,17.17,14.73,15.13,55720,12.497,13.1662
2021-09-07,15.13,15.89,15.13,15.72,43700,12.7505,13.4094
2021-09-08,15.54,15.89,14.84,15.89,12551,12.995,13.6456
2021-09-09,15.54,15.6,15.08,15.08,12919,13.193,13.7822
2021-09-10,15.13,15.66,14.44,14.55,16410,13.3645,13.8554
2021-09-13,15.08,15.08,14.03,14.55,15600,13.5245,13.9215
2021-09-14,14.55,15.08,12.92,13.68,33220,13.641,13.8985
2021-09-15,14.26,15.13,13.97,15.13,41873,13.8385,14.0158
2021-09-16,15.02,15.25,14.55,14.73,16700,14.025,14.0838
2021-09-17,14.73,15.02,14.55,14.84,10542,14.1935,14.1558
2021-09-20,15.13,15.66,14.61,14.84,20110,14.374,14.221
2021-09-21,14.84,14.84,14.26,14.55,26700,14.531,14.2523
2021-09-22,15.13,15.13,14.44,14.73,18334,14.706,14.2978
2021-09-23,14.73,15.02,14.38,14.49,20825,14.8715,14.3161
2021-09-24,15.02,15.02,14.49,14.55,9434,15.04,14.3384
2021-09-27,13.97,15.02,13.97,14.14,11300,15.1095,14.3195
2021-09-28,14.14,14.55,14.03,14.26,6100,15.124,14.3138
2021-09-29,14.32,14.44,14.14,14.2,5510,15.031,14.303
2021-09-30,14.26,14.49,14.26,14.49,4100,14.836,14.3208
2021-10-01,14.38,14.49,14.26,14.38,17210,14.6965,14.3264
2021-10-04,14.38,14.44,14.32,14.32,4700,14.656,14.3258
2021-10-05,14.38,14.38,14.09,14.32,6200,14.586,14.3253
2021-10-06,14.26,14.32,13.68,14.32,56115,14.5075,14.3248
2021-10-07,14.55,14.55,13.74,14.26,8200,14.4665,14.3186
2021-10-08,14.61,14.61,14.55,14.55,500,14.4665,14.3406
2021-10-11,14.55,14.73,14.55,14.55,3601,14.4665,14.3606
2021-10-12,14.44,14.44,14.14,14.32,9905,14.4985,14.3567
2021-10-13,14.49,14.67,14.32,14.32,5830,14.458,14.3532
2021-10-14,14.55,14.55,14.55,14.55,100,14.449,14.372
2021-10-15,14.61,14.61,14.26,14.44,4600,14.429,14.3784
2021-10-18,14.32,14.49,14.32,14.44,7610,14.409,14.3843
2021-10-19,14.44,14.55,14.32,14.32,10911,14.3975,14.3782
2021-10-20,14.2,14.49,14.2,14.49,1124,14.3855,14.3888
2021-10-21,14.55,14.55,14.26,14.44,10000,14.383,14.3937
2021-10-22,13.97,14.49,12.86,13.91,3000,14.351,14.3476
2021-10-25,14.49,14.55,13.97,14.2,16760,14.354,14.3336
2021-10-26,14.61,14.61,14.2,14.2,6200,14.351,14.3209
2021-10-27,14.2,14.32,13.97,14.09,17430,14.3455,14.2989
2021-10-28,14.2,14.26,14.14,14.2,6510,14.331,14.2895
2021-10-29,14.2,14.2,13.97,14.2,25310,14.322,14.2809
2021-11-01,13.97,14.14,13.39,13.97,26400,14.3045,14.2513
2021-11-02,14.14,14.67,14.14,14.32,8031,14.3045,14.2579
2021-11-03,14.32,14.61,14.26,14.26,10510,14.3015,14.2581
2021-11-04,14.2,14.38,13.97,13.97,1410,14.287,14.2306
2021-11-05,14.2,14.55,14.2,14.55,5810,14.287,14.261
2021-11-08,14.55,14.73,14.32,14.55,8200,14.287,14.2886
2021-11-09,14.61,14.73,14.26,14.73,32441,14.3075,14.3306
2021-11-10,14.78,15.13,14.55,15.13,12600,14.348,14.4067
2021-11-11,15.13,15.13,14.73,14.96,5900,14.3685,14.4594
2021-11-12,15.13,15.13,14.44,14.55,8000,14.374,14.4681
2021-11-15,15.72,15.72,14.73,15.13,13100,14.4085,14.5311
2021-11-16,15.25,15.42,14.84,15.19,8200,14.452,14.5939
2021-11-17,15.13,15.13,14.55,15.13,8800,14.484,14.6449
2021-11-18,14.9,15.08,14.55,14.96,15633,14.51,14.6749
2021-11-19,14.96,15.13,14.55,14.55,16400,14.542,14.663
2021-11-22,15.37,15.37,14.55,15.13,2900,14.5885,14.7075
2021-11-23,15.08,15.08,14.55,14.96,1300,14.6265,14.7315
2021-11-24,14.96,15.19,14.84,15.08,3012,14.676,14.7647
2021-11-25,15.13,15.13,15.02,15.02,2800,14.717,14.789
2021-11-26,15.13,15.13,13.97,14.26,26625,14.72,14.7387
2021-11-29,14.2,15.25,14.2,15.19,56925,14.781,14.7816
2021-11-30,15.13,15.25,15.13,15.19,29437,14.8245,14.8205
2021-12-01,15.13,15.19,15.02,15.02,6700,14.8625,14.8395
2021-12-02,14.26,14.96,14.26,14.38,17600,14.883,14.7958
2021-12-03,16.12,16.12,14.84,14.84,22131,14.8975,14.8
2021-12-06,15.42,15.42,13.97,13.97,11518,14.8685,14.7209
2021-12-07,14.55,14.9,14.44,14.44,2600,14.854,14.6942
2021-12-08,14.09,14.96,13.97,13.97,15100,14.796,14.6252
2021-12-09,14.49,14.49,13.97,14.38,25804,14.767,14.6019
2021-12-10,14.03,14.49,14.03,14.09,2220,14.744,14.5531
2021-12-13,14.55,14.55,13.97,14.2,9300,14.6975,14.5195
2021-12-14,14.2,14.55,13.97,14.26,3500,14.651,14.4948
2021-12-15,14.14,14.49,14.14,14.14,12434,14.6015,14.461
2021-12-16,14.55,15.08,14.2,15.08,13301,14.6075,14.5199
2021-12-17,16.54,16.54,15.38,16.34,6124,14.697,14.6933
2021-12-20,15.72,15.72,15.31,15.31,5600,14.706,14.752
2021-12-21,17.02,17.02,15.04,15.66,1106,14.741,14.8385
2021-12-22,15.66,15.72,15.04,15.52,14000,14.763,14.9034
2021-12-23,15.72,15.72,15.52,15.72,804,14.798,14.9812
2021-12-24,15.72,15.72,15.04,15.59,1617,14.8645,15.0391
2021-12-27,16.34,16.34,15.04,15.72,5730,14.891,15.104
2021-12-28,15.38,15.38,15.31,15.38,7019,14.9005,15.1303
2021-12-29,15.25,15.31,15.25,15.31,3907,14.915,15.1474
2021-12-30,15.04,15.04,14.49,14.49,7010,14.9205,15.0848
2021-12-31,14.63,15.31,14.63,14.77,8200,14.917,15.0548
2022-01-04,14.77,14.9,14.01,14.29,8100,14.933,14.982
2022-01-05,14.43,14.43,13.74,14.36,4800,14.929,14.9227
2022-01-06,14.01,14.43,14.01,14.36,6100,14.9485,14.8691
2022-01-07,14.22,14.77,14.22,14.22,2500,14.9405,14.8073
2022-01-10,14.22,14.43,14.15,14.43,7130,14.9575,14.7714
2022-01-11,14.08,14.15,14.08,14.15,1500,14.955,14.7122
2022-01-12,14.01,14.08,13.67,14.08,7400,14.946,14.652
2022-01-13,14.01,14.01,13.6,13.6,1900,14.919,14.5518
2022-01-14,13.81,13.81,13.4,13.4,13108,14.835,14.4421
2022-01-17,13.74,13.74,13.33,13.54,2327,14.695,14.3562
2022-01-18,12.78,13.6,12.65,13.6,4403,14.6095,14.2842
2022-01-19,13.4,13.4,12.65,12.65,2700,14.459,14.1285
2022-01-20,12.92,13.47,12.92,13.4,3400,14.353,14.0592
2022-01-21,13.67,13.67,13.54,13.54,2000,14.244,14.0097
2022-01-24,13.67,13.67,13.6,13.6,8515,14.1445,13.9707
2022-01-25,13.67,13.67,13.67,13.67,700,14.042,13.9421
2022-01-26,13.6,13.67,13.54,13.54,500,13.95,13.9038
2022-01-27,13.54,13.54,12.99,13.06,5933,13.8375,13.8234
2022-01-28,13.19,13.19,12.78,12.78,7600,13.752,13.724
2022-02-07,13.33,13.6,13.33,13.6,2800,13.6935,13.7122
2022-02-08,12.99,12.99,12.78,12.78,1200,13.618,13.6234
2022-02-09,12.92,12.99,12.92,12.99,6100,13.5495,13.5631
2022-02-10,12.99,12.99,11.69,12.17,41104,13.44,13.4304
2022-02-11,12.99,12.99,12.78,12.99,4500,13.3785,13.3885
2022-02-14,12.99,12.99,12.03,12.31,4400,13.2725,13.2858
2022-02-15,12.31,12.31,12.24,12.31,11161,13.1805,13.1928
2022-02-16,12.24,12.31,12.24,12.24,4600,13.0885,13.1021
2022-02-17,12.24,12.37,12.24,12.37,13200,13.027,13.0324
2022-02-18,12.44,12.99,12.37,12.99,71724,13.0065,13.0283
2022-02-21,13.26,14.56,13.26,14.15,66920,13.037,13.1352
2022-02-22,14.29,14.9,14.15,14.36,24901,13.075,13.2518
2022-02-23,14.29,14.56,14.22,14.36,7130,13.1605,13.3574
2022-02-24,14.36,14.77,13.74,13.74,20752,13.1775,13.3938
2022-02-25,13.74,14.29,13.74,13.88,5300,13.1945,13.4401
2022-02-28,13.74,14.08,13.74,14.08,7418,13.2185,13.501
2022-03-01,13.95,13.95,13.88,13.88,3846,13.229,13.5371
2022-03-02,13.81,14.01,13.47,13.47,5201,13.2255,13.5307
2022-03-03,14.49,14.49,13.81,13.88,3835,13.2665,13.564
2022-03-04,12.99,14.08,12.99,13.81,15648,13.318,13.5874
2022-03-07,13.95,13.95,13.67,13.67,9190,13.3215,13.5953
2022-03-08,13.74,13.88,13.4,13.47,10510,13.356,13.5834
2022-03-09,13.67,13.74,13.33,13.33,6503,13.373,13.5592
2022-03-10,13.67,13.67,12.99,13.67,27315,13.448,13.5698
2022-03-11,13.74,14.63,13.4,13.4,5340,13.4685,13.5536
2022-03-14,13.4,13.74,13.33,13.33,2210,13.5195,13.5323
2022-03-15,13.33,13.54,13.33,13.47,5100,13.5775,13.5264
2022-03-16,13.95,13.95,13.4,13.4,1840,13.6355,13.5143
2022-03-17,13.88,13.88,13.4,13.54,2800,13.694,13.5168
2022-03-18,13.47,13.67,13.33,13.67,2503,13.728,13.5314
2022-03-21,13.67,13.67,13.33,13.67,12025,13.704,13.5446
2022-03-22,13.54,13.54,13.06,13.47,1210,13.6595,13.5375
2022-03-23,13.33,13.67,13.33,13.67,12715,13.625,13.5501
2022-03-24,13.67,13.74,13.6,13.67,24400,13.6215,13.5615
2022-03-25,13.6,14.01,13.6,13.67,6600,13.611,13.5719
2022-03-28,13.67,13.67,13.54,13.67,10600,13.5905,13.5812
2022-03-29,13.6,13.95,13.6,13.67,11015,13.58,13.5897
2022-03-30,13.81,14.29,13.81,14.29,17052,13.621,13.6564
2022-03-31,14.15,14.77,14.15,14.49,11113,13.6515,13.7357
2022-04-01,15.72,15.72,14.49,14.7,7333,13.696,13.8276
2022-04-04,14.36,14.63,14.22,14.36,10600,13.7305,13.8783
2022-04-05,14.36,14.36,14.29,14.29,5000,13.7715,13.9175
2022-04-06,14.29,14.29,14.01,14.01,7308,13.8055,13.9263
2022-04-07,13.95,14.7,13.81,14.7,25707,13.857,14.0
2022-04-08,15.04,15.04,14.08,14.15,5300,13.8945,14.0143
2022-04-12,14.43,15.38,14.15,14.7,12001,13.963,14.0796
2022-04-13,14.01,14.9,13.95,14.77,24702,14.028,14.1453
2022-04-14,14.36,14.36,14.36,14.36,2111,14.076,14.1658
2022-04-15,14.36,14.36,14.36,14.36,10600,14.117,14.1843
2022-04-18,14.43,14.56,14.15,14.15,5177,14.141,14.181
2022-04-19,14.29,14.29,14.22,14.22,602,14.1685,14.1847
2022-04-20,14.15,14.15,13.88,13.88,3901,14.189,14.1557
2022-04-21,13.88,13.88,13.6,13.6,18007,14.1855,14.1028
2022-04-22,13.6,14.22,13.6,13.74,19404,14.189,14.0682
2022-04-25,13.67,13.67,13.67,13.67,500,14.189,14.0303
2022-04-26,13.67,13.95,13.67,13.74,11812,14.1925,14.0027
2022-04-27,14.15,14.15,14.01,14.08,3800,14.213,14.01
2022-04-28,14.15,14.15,13.95,14.15,3800,14.206,14.0234
2022-04-29,14.15,14.15,13.81,13.95,5328,14.179,14.0164
2022-05-04,13.81,15.38,13.81,15.04,51936,14.196,14.1139
2022-05-05,15.04,15.04,14.08,15.04,14861,14.23,14.2021
2022-05-06,14.7,15.06,14.34,14.7,9836,14.2505,14.2495
2022-05-09,14.7,14.77,14.2,14.2,13548,14.26,14.2448
2022-05-10,13.98,14.34,13.98,14.34,11130,14.242,14.2538
2022-05-11,14.27,14.27,14.2,14.2,2809,14.2445,14.2487
2022-05-12,14.63,14.63,13.91,13.91,9306,14.205,14.2165
2022-05-13,14.27,14.27,12.33,13.48,19276,14.1405,14.1463
2022-05-16,14.13,14.2,13.98,13.98,3000,14.1215,14.1305
2022-05-17,14.05,14.13,13.98,14.13,7012,14.11,14.1304
2022-05-18,13.91,14.13,13.7,13.98,4825,14.1015,14.1161
2022-05-19,13.91,13.98,13.7,13.84,1900,14.0825,14.0898
2022-05-20,14.13,14.13,14.13,14.13,5306,14.095,14.0936
2022-05-23,14.27,14.27,13.98,13.98,1901,14.114,14.0828
2022-05-24,14.13,14.13,13.98,14.05,1719,14.1295,14.0797
2022-05-25,13.91,14.13,13.91,13.98,10032,14.145,14.0702
2022-05-26,14.05,14.05,13.98,14.05,9468,14.1605,14.0683
2022-05-27,14.05,14.05,14.05,14.05,2200,14.159,14.0665
2022-05-30,14.34,14.63,13.98,14.27,30735,14.165,14.0859
2022-05-31,14.41,14.41,13.98,14.27,13000,14.181,14.1034
2022-06-01,14.27,14.27,14.27,14.27,1020,14.1425,14.1193
2022-06-02,14.27,14.27,14.05,14.05,3200,14.093,14.1127
2022-06-03,14.34,14.34,14.2,14.2,700,14.068,14.121
2022-06-06,14.27,14.27,13.98,14.05,4821,14.0605,14.1143
2022-06-07,14.05,14.05,13.7,13.7,2700,14.0285,14.0748
2022-06-08,13.98,13.98,13.77,13.98,2401,14.0175,14.0658
2022-06-09,14.34,14.34,13.98,14.05,2700,14.0245,14.0643
2022-06-10,14.05,14.48,13.98,14.34,22335,14.0675,14.0905
2022-06-13,14.27,14.27,13.98,13.98,8000,14.0675,14.08
2022-06-14,13.91,13.91,13.7,13.7,4120,14.046,14.0438
2022-06-15,14.05,14.05,13.62,13.7,3800,14.032,14.0111
2022-06-16,13.98,13.98,13.62,13.91,6483,14.0355,14.0014
2022-06-17,13.98,13.98,13.27,13.91,12000,14.0245,13.9927
2022-06-20,13.84,13.98,13.77,13.77,7700,14.014,13.9715
2022-06-21,13.62,13.62,13.27,13.55,7700,13.989,13.9314
2022-06-22,13.55,13.62,13.27,13.62,2400,13.971,13.9017
2022-06-23,13.98,13.98,13.98,13.98,121,13.9675,13.9092
2022-06-24,13.91,14.34,13.77,14.05,17000,13.9675,13.9226
2022-06-27,14.34,14.34,14.34,14.34,500,13.971,13.9623
2022-06-28,14.27,14.34,14.27,14.34,2000,13.9745,13.9983
2022-06-29,13.98,13.98,13.98,13.98,100,13.96,13.9966
2022-06-30,14.13,14.13,13.62,13.98,2122,13.9565,13.995
2022-07-01,13.98,13.98,13.98,13.98,300,13.9455,13.9936
2022-07-04,14.27,14.27,14.27,14.27,3500,13.9565,14.0199
2022-07-05,14.27,14.27,14.27,14.27,0,13.985,14.0437
2022-07-06,14.27,14.27,14.27,14.27,0,13.9995,14.0653
2022-07-07,14.2,14.2,14.2,14.2,1500,14.007,14.0781
2022-07-08,14.2,14.2,14.2,14.2,1100,14.0,14.0897
2022-07-11,14.05,14.2,14.05,14.2,2201,14.011,14.1002
2022-07-12,14.13,14.2,13.84,13.84,9710,14.018,14.0754
2022-07-13,13.84,13.91,13.84,13.91,1000,14.0285,14.0597
2022-07-14,13.98,14.27,13.98,14.2,5800,14.043,14.073
2022-07-15,14.13,14.13,13.98,14.05,600,14.05,14.0708
2022-07-18,14.05,14.13,14.05,14.13,1910,14.068,14.0765
2022-07-19,13.98,13.98,13.91,13.91,4005,14.086,14.0606
2022-07-20,13.91,13.98,13.84,13.98,3600,14.104,14.0529
2022-07-21,14.05,14.13,13.98,14.13,7000,14.1115,14.0603
2022-07-22,14.13,14.13,14.13,14.13,510,14.1155,14.0669
2022-07-25,14.05,14.56,14.05,14.34,21258,14.1155,14.0929
2022-07-26,14.92,15.63,14.92,15.06,19485,14.1515,14.185
2022-07-27,15.35,15.35,15.2,15.2,2642,14.2125,14.2817
2022-07-28,15.06,15.06,14.48,15.06,4100,14.2665,14.3558
2022-07-29,14.77,15.85,14.7,14.77,9302,14.306,14.3953
2022-08-01,14.7,15.7,14.7,15.63,3500,14.374,14.5129
2022-08-02,15.27,15.42,14.77,15.06,13520,14.4135,14.565
2022-08-03,15.42,15.42,15.2,15.2,1616,14.46,14.6254
2022-08-04,15.42,15.42,15.13,15.27,5000,14.5135,14.6868
2022-08-05,15.78,15.78,15.06,15.13,4300,14.56,14.729
2022-08-08,15.13,15.27,15.06,15.2,3323,14.61,14.7739
2022-08-09,15.13,15.42,14.99,15.35,3600,14.6855,14.8288
2022-08-10,15.35,15.42,15.06,15.06,5134,14.743,14.8508
2022-08-11,15.13,15.27,15.13,15.13,3108,14.7895,14.8774
2022-08-12,15.13,15.13,15.13,15.13,500,14.8435,14.9014
2022-08-15,15.13,15.13,15.06,15.13,1000,14.8935,14.9232
2022-08-16,15.06,15.06,14.99,15.06,3102,14.951,14.9362
2022-08-17,15.06,15.06,14.7,14.7,6940,14.987,14.9137
2022-08-18,14.77,14.77,14.34,14.34,7103,14.9975,14.8591
2022-08-19,14.56,14.56,14.56,14.56,500,15.019,14.8306
2022-08-22,14.7,15.2,14.34,15.06,4600,15.055,14.8525
2022-08-23,15.06,15.27,14.99,15.27,16403,15.0655,14.8922
2022-08-24,15.27,15.27,15.06,15.06,3100,15.0585,14.9082
2022-08-25,15.06,15.56,14.34,15.56,24008,15.0835,14.9703
2022-08-26,15.06,15.27,15.06,15.06,5800,15.098,14.9788
2022-08-29,15.06,15.49,14.84,15.49,17803,15.091,15.0275
2022-08-30,15.49,15.92,15.42,15.78,7704,15.127,15.0992
2022-08-31,16.06,16.13,15.49,16.13,11603,15.1735,15.1973
2022-09-05,16.13,16.13,15.78,15.78,1535,15.199,15.2528
2022-09-06,15.78,15.85,15.49,15.85,4159,15.235,15.3097
2022-09-07,15.99,15.99,15.56,15.85,2200,15.2675,15.3612
2022-09-08,15.92,15.92,15.2,15.2,4400,15.26,15.3458
2022-09-09,15.78,15.85,15.7,15.78,6400,15.296,15.3872
2022-09-12,16.21,16.42,15.92,15.92,3909,15.3355,15.4379
2022-09-13,15.35,16.49,15.35,16.42,1700,15.4,15.5314
2022-09-14,15.49,15.56,15.49,15.56,303,15.4215,15.5342
2022-09-15,15.78,15.78,15.78,15.78,500,15.4575,15.5576
2022-09-16,18.14,18.14,15.63,15.63,700,15.504,15.5645
2022-09-19,15.42,16.13,15.42,16.06,2500,15.59,15.6117
2022-09-20,15.99,15.99,15.78,15.99,600,15.6615,15.6477
2022-09-21,15.99,15.99,15.99,15.99,104,15.708,15.6803
2022-09-22,15.92,15.92,15.85,15.92,4118,15.7405,15.7031
2022-09-23,15.92,15.92,15.92,15.92,33,15.7835,15.7238
2022-09-26,15.63,15.92,15.42,15.63,3400,15.787,15.7149
2022-09-27,15.78,15.78,15.63,15.78,5800,15.823,15.7211
2022-09-28,15.78,15.78,15.78,15.78,0,15.8375,15.7267
2022-09-29,15.49,15.49,15.42,15.42,3459,15.8195,15.6975
2022-09-30,15.63,15.63,15.42,15.49,2601,15.7875,15.6777
2022-10-03,15.49,15.56,15.35,15.35,1700,15.766,15.6465
2022-10-04,15.42,15.42,15.2,15.27,4009,15.737,15.6106
2022-10-05,15.27,15.42,14.77,15.06,13000,15.6975,15.5582
2022-10-06,15.06,15.06,14.7,14.7,6202,15.6725,15.4765
2022-10-07,14.56,14.84,13.62,14.84,34300,15.6255,15.4158
2022-10-10,14.34,14.41,14.34,14.34,4100,15.5465,15.3134
2022-10-11,14.7,14.7,14.13,14.13,8300,15.432,15.2007
2022-10-12,14.34,14.41,14.27,14.27,4000,15.3675,15.112
2022-10-13,14.34,14.34,14.34,14.34,2002,15.2955,15.0385
2022-10-14,14.77,14.77,14.7,14.7,1500,15.249,15.0063
2022-10-17,14.56,14.56,14.41,14.56,12405,15.174,14.9638
2022-10-18,14.7,14.7,14.56,14.56,7603,15.1025,14.9253
2022-10-19,14.7,14.7,14.41,14.56,360,15.031,14.8905
2022-10-20,14.34,14.7,14.34,14.7,4600,14.97,14.8724
2022-10-21,14.41,14.41,14.34,14.34,5603,14.891,14.8217
2022-10-24,13.7,14.34,13.19,13.62,19851,14.7905,14.7072
2022-10-25,13.7,13.7,13.41,13.62,3220,14.6825,14.6037
2022-10-26,13.62,13.77,13.62,13.77,2184,14.582,14.5243
2022-10-27,13.62,13.84,13.62,13.7,4402,14.496,14.4458
2022-10-28,13.77,14.2,13.77,14.2,7018,14.4315,14.4224
2022-10-31,13.98,13.98,13.84,13.98,3630,14.363,14.3802
2022-11-01,13.91,13.98,13.91,13.98,5500,14.2985,14.3421
2022-11-02,14.05,14.05,13.98,13.98,3518,14.2445,14.3076
2022-11-03,14.05,14.05,14.05,14.05,16,14.212,14.2831
2022-11-04,14.05,14.05,14.05,14.05,1000,14.1725,14.2609
2022-11-07,14.34,14.34,14.34,14.34,200,14.1725,14.2684
2022-11-08,14.13,14.2,13.98,13.98,5400,14.165,14.241
2022-11-09,14.13,14.2,14.13,14.2,5300,14.1615,14.2371
2022-11-10,14.2,14.2,13.98,13.98,12800,14.1435,14.2126
2022-11-11,14.2,14.34,14.13,14.13,11300,14.115,14.2047
2022-11-14,14.2,14.34,14.2,14.2,3400,14.097,14.2043
2022-11-15,14.34,14.34,14.05,14.2,16322,14.079,14.2039
2022-11-16,14.2,14.2,14.2,14.2,1100,14.061,14.2035
2022-11-17,14.2,14.34,14.13,14.2,7100,14.036,14.2032
2022-11-18,14.2,14.2,14.2,14.2,8700,14.029,14.2029
2022-11-21,14.34,14.34,14.13,14.2,3082,14.058,14.2026
2022-11-22,14.34,14.34,14.05,14.05,7900,14.0795,14.1881
2022-11-23,14.05,14.27,14.05,14.13,1600,14.0975,14.1825
2022-11-24,14.2,14.2,14.13,14.13,3000,14.119,14.1775
2022-11-25,14.34,14.34,14.2,14.27,2582,14.1225,14.1863
2022-11-28,14.27,14.27,14.27,14.27,2203,14.137,14.1943
2022-11-29,14.27,14.27,14.2,14.27,11800,14.1515,14.2015
2022-11-30,14.34,14.34,14.27,14.34,5812,14.1695,14.2147
2022-12-01,14.34,14.34,14.27,14.27,3403,14.1805,14.22
2022-12-02,14.34,14.34,14.27,14.27,2400,14.1915,14.2247
2022-12-05,15.06,15.78,14.34,15.42,3560,14.2455,14.3386
2022-12-06,14.99,15.42,14.48,15.42,4192,14.3175,14.4416
2022-12-07,15.35,15.78,15.27,15.78,2700,14.3965,14.569
2022-12-08,15.42,15.42,14.99,14.99,3100,14.447,14.6091
2022-12-09,15.2,15.42,15.2,15.42,4313,14.5115,14.6863
2022-12-12,15.06,15.63,15.06,15.63,6000,14.583,14.7762
2022-12-13,15.63,15.63,15.42,15.42,1575,14.644,14.8375
2022-12-14,15.7,15.78,15.56,15.56,7900,14.712,14.9063
2022-12-15,16.13,16.13,15.7,15.7,2703,14.787,14.9819
2022-12-16,15.85,15.99,15.49,15.49,10101,14.8515,15.0303
2022-12-19,15.78,15.78,15.42,15.42,5302,14.9125,15.0674
2022-12-20,15.78,15.78,15.35,15.35,4550,14.9775,15.0943
2022-12-21,15.78,15.78,15.49,15.7,1500,15.056,15.152
2022-12-22,15.7,15.7,15.27,15.7,1400,15.1345,15.2042
2022-12-23,15.78,15.78,15.7,15.7,2900,15.206,15.2514
2022-12-26,15.78,15.78,15.42,15.7,2800,15.2775,15.2941
2022-12-27,15.63,15.63,15.56,15.56,3000,15.342,15.3195
2022-12-28,15.63,15.7,15.63,15.63,2500,15.4065,15.349
2022-12-29,15.63,15.7,15.56,15.63,4900,15.4745,15.3758
2022-12-30,15.78,17.93,15.63,15.63,3600,15.5425,15.4
2023-01-03,16.42,16.42,15.78,15.78,1000,15.5605,15.4362
2023-01-04,16.42,16.49,16.42,16.49,2600,15.614,15.5366
2023-01-05,16.42,16.42,16.42,16.42,0,15.646,15.6207
2023-01-06,16.13,16.13,15.78,15.78,1700,15.6855,15.6359
2023-01-09,15.99,15.99,15.78,15.92,2100,15.7105,15.6629
2023-01-10,15.85,16.06,15.85,16.06,1000,15.732,15.7007
2023-01-11,16.06,16.06,15.92,16.06,1868,15.764,15.735
2023-01-12,15.99,16.06,15.99,16.06,1400,15.789,15.7659
2023-01-13,15.92,15.92,15.78,15.92,4700,15.8,15.7806
2023-01-16,15.85,15.85,15.78,15.85,2700,15.818,15.7872
2023-01-17,15.85,15.92,15.78,15.85,3000,15.8395,15.7932
2023-01-18,15.92,15.92,15.78,15.78,2100,15.861,15.7919
2023-01-19,15.85,16.49,15.85,16.49,1000,15.9005,15.8584
2023-01-27,15.99,16.42,15.99,16.28,2200,15.9295,15.8986
2023-01-30,16.42,16.42,16.13,16.13,301,15.951,15.9206
2023-01-31,16.35,16.42,16.21,16.42,4700,15.987,15.9682
2023-02-01,16.35,16.42,16.35,16.35,3901,16.0265,16.0045
2023-02-02,16.49,16.49,15.78,15.78,4208,16.034,15.9831
2023-02-03,16.49,16.49,15.78,15.78,800,16.0415,15.9638
2023-02-06,16.13,16.13,15.78,15.78,5200,16.049,15.9463
2023-02-07,16.35,16.42,16.35,16.42,2100,16.081,15.9914
2023-02-08,16.35,16.42,16.13,16.35,2400,16.074,16.0256
2023-02-09,16.13,16.85,16.13,16.49,2000,16.0775,16.0698
2023-02-10,16.85,16.85,16.49,16.49,700,16.113,16.1098
2023-02-13,16.49,16.85,16.49,16.56,2000,16.145,16.1527
2023-02-14,16.49,16.85,16.49,16.49,1500,16.1665,16.1848
2023-02-15,16.85,16.85,16.49,16.49,303,16.188,16.2139
2023-02-16,16.49,16.49,16.49,16.49,1459,16.2095,16.2402
2023-02-17,16.78,16.78,16.64,16.64,4202,16.2455,16.2783
2023-02-20,16.49,16.85,16.49,16.85,1001,16.2955,16.3327
2023-02-21,16.85,16.85,16.85,16.85,1400,16.3455,16.382
2023-02-22,16.13,16.49,16.13,16.49,410,16.381,16.3923
2023-02-23,16.35,16.49,16.35,16.49,1300,16.381,16.4016
2023-02-24,16.49,16.49,16.49,16.49,1412,16.3915,16.41
2023-02-27,16.42,16.85,16.42,16.78,7200,16.424,16.4452
2023-02-28,16.85,17.07,16.85,17.07,2700,16.4565,16.5047
2023-03-01,16.99,17.57,16.99,17.57,7901,16.5175,16.6062
2023-03-02,17.28,19.86,17.28,19.86,11405,16.7215,16.9161
2023-03-03,19.36,21.51,19.0,19.79,23000,16.922,17.1898
2023-03-06,19.86,19.86,16.99,19.36,4315,17.101,17.3965
2023-03-07,18.79,19.22,15.99,16.78,10524,17.119,17.3378
2023-03-08,18.57,18.86,17.57,18.43,3500,17.223,17.4418
2023-03-09,18.14,18.29,16.64,18.29,6600,17.313,17.5226
2023-03-10,17.57,18.29,17.57,17.85,4619,17.381,17.5537
2023-03-13,17.28,17.28,17.21,17.21,1202,17.4135,17.521
2023-03-14,17.28,17.93,16.85,17.28,33386,17.453,17.4981
2023-03-15,17.57,17.93,17.57,17.93,2001,17.525,17.5392
2023-03-16,17.78,17.78,17.78,17.78,0,17.5895,17.5621
2023-03-17,17.78,19.0,17.78,19.0,1510,17.7075,17.6991
2023-03-20,17.35,18.21,17.35,18.21,5100,17.7755,17.7477
2023-03-21,18.93,19.07,18.93,19.07,2500,17.8865,17.8737
2023-03-22,19.0,19.0,18.07,18.43,4906,17.9835,17.9266
2023-03-23,19.0,19.29,19.0,19.0,1300,18.109,18.0289
2023-03-24,18.79,19.29,18.79,19.29,3007,18.249,18.149
2023-03-27,18.86,18.86,18.86,18.86,6010,18.353,18.2167
2023-03-28,18.86,18.86,18.86,18.86,120,18.4425,18.278
2023-03-29,18.86,18.86,18.86,18.86,1213,18.507,18.3334
2023-03-30,18.86,18.86,18.86,18.86,0,18.457,18.3835
2023-03-31,18.86,18.86,18.86,18.86,501,18.4105,18.4289
2023-04-03,19.0,19.0,18.64,19.0,5800,18.3925,18.4833
2023-04-04,18.64,19.15,18.64,19.15,7821,18.511,18.5468
2023-04-05,19.15,19.15,17.93,17.93,4780,18.486,18.4881
2023-04-06,18.93,19.0,18.29,19.0,4005,18.5215,18.5368
2023-04-07,18.21,18.29,18.21,18.29,1805,18.5435,18.5133
2023-04-10,19.15,19.15,18.93,18.93,7118,18.6295,18.553
2023-04-11,18.79,19.07,18.64,19.07,2770,18.719,18.6022
2023-04-12,18.79,18.79,18.79,18.79,314,18.762,18.6201
2023-04-13,19.36,19.36,19.36,19.36,8900,18.841,18.6906
2023-04-14,19.5,19.5,19.36,19.5,7000,18.866,18.7677
2023-04-17,19.36,19.36,19.0,19.0,2306,18.9055,18.7898
2023-04-18,19.36,19.36,19.36,19.36,1009,18.92,18.8441
2023-04-19,19.36,19.36,19.36,19.36,500,18.9665,18.8932
2023-04-20,19.36,19.36,19.36,19.36,0,18.9845,18.9377
2023-04-21,19.36,19.43,19.36,19.43,4100,18.9915,18.9846
2023-04-24,18.64,18.64,18.64,18.64,206,18.9805,18.9518
2023-04-25,18.64,18.64,18.64,18.64,1006,18.9695,18.9221
2023-04-26,19.36,19.36,19.36,19.36,500,18.9945,18.9638
2023-04-27,19.36,19.58,19.36,19.58,436,19.0305,19.0225
2023-04-28,19.07,19.07,19.0,19.0,1300,19.0375,19.0203
2023-05-04,19.5,19.5,18.0,18.57,1015,19.016,18.9774
2023-05-05,18.64,18.64,18.5,18.64,1401,18.9905,18.9453
2023-05-08,18.64,19.07,18.64,19.07,429,19.0475,18.9572
2023-05-09,17.57,18.64,17.57,17.93,2332,18.994,18.8593
2023-05-10,17.93,18.64,17.93,17.93,2600,18.976,18.7708
2023-05-11,18.64,18.64,18.64,18.64,200,18.9615,18.7584
2023-05-12,19.07,19.07,18.64,18.64,700,18.94,18.7471
2023-05-15,18.72,18.72,18.29,18.29,2700,18.915,18.7036
2023-05-16,18.43,18.43,18.43,18.43,0,18.8685,18.6775
2023-05-17,17.93,18.29,17.93,18.29,427,18.808,18.6406
2023-05-18,18.29,18.36,18.29,18.36,940,18.776,18.6139
2023-05-19,18.64,18.64,18.43,18.43,1000,18.7295,18.5964
2023-05-22,19.0,19.0,18.36,18.57,1820,18.69,18.5939
2023-05-23,18.64,18.64,18.5,18.5,2027,18.647,18.5849
2023-05-24,17.93,18.57,17.93,18.5,4640,18.6005,18.5768
2023-05-25,18.21,18.21,18.21,18.21,110,18.579,18.5419
2023-05-26,18.21,18.29,17.57,17.57,4756,18.5255,18.4493
2023-05-29,17.85,17.85,17.71,17.78,2500,18.4465,18.3856
2023-05-30,17.71,18.21,17.71,18.21,800,18.378,18.3689
2023-05-31,17.78,18.29,17.78,18.29,1179,18.3425,18.3614
2023-06-01,18.21,18.29,18.07,18.29,1300,18.3285,18.3546
2023-06-02,18.21,18.21,18.21,18.21,800,18.307,18.3408
2023-06-05,18.29,18.29,18.21,18.21,1218,18.264,18.3283
2023-06-06,18.21,20.94,18.21,19.72,19420,18.3535,18.4609
2023-06-07,19.72,20.79,19.36,19.36,34432,18.425,18.5465
2023-06-08,20.08,22.59,20.01,20.08,69969,18.497,18.6926
2023-06-09,21.44,22.23,18.36,22.16,6641,18.673,19.0228
2023-06-12,20.08,20.08,20.08,20.08,1606,18.7625,19.1235
2023-06-13,20.08,20.08,20.01,20.08,1975,18.845,19.2146
2023-06-14,20.01,20.44,20.01,20.15,2028,18.938,19.3037
2023-06-15,20.15,20.15,20.08,20.15,4000,19.0275,19.3843
2023-06-16,20.08,20.08,20.01,20.08,9800,19.11,19.4505
2023-06-19,19.79,20.08,19.72,19.72,6500,19.1675,19.4762
2023-06-20,19.93,20.08,19.86,20.08,2902,19.2465,19.5337
2023-06-21,20.08,20.79,20.08,20.79,4200,19.361,19.6533
2023-06-22,20.72,20.72,20.36,20.72,3506,19.4865,19.7549
2023-06-23,20.72,20.72,20.08,20.15,4700,19.6155,19.7926
2023-06-26,20.72,20.79,20.44,20.44,3434,19.7485,19.8542
2023-06-27,20.58,20.65,20.44,20.44,2000,19.86,19.91
2023-06-28,20.44,20.72,20.44,20.72,2200,19.9815,19.9871
2023-06-29,20.72,20.72,20.72,20.72,5509,20.103,20.0569
2023-06-30,22.87,22.87,20.71,20.71,6310,20.228,20.1191
2023-07-03,20.87,20.87,20.87,20.87,1425,20.361,20.1906
2023-07-04,20.87,20.87,20.47,20.87,1011,20.4185,20.2553
2023-07-05,20.79,20.79,20.79,20.79,800,20.49,20.3063
2023-07-06,20.79,20.79,19.66,20.79,5524,20.5255,20.3523
2023-07-07,20.07,20.71,19.99,19.99,500,20.417,20.3178
2023-07-10,20.63,20.63,20.63,20.63,570,20.4445,20.3476
2023-07-11,20.71,20.79,20.71,20.79,640,20.48,20.3897
2023-07-12,20.71,20.71,20.71,20.71,0,20.508,20.4202
2023-07-13,20.71,20.71,20.71,20.71,0,20.536,20.4478
2023-07-14,20.71,20.71,20.71,20.71,200,20.5675,20.4728
2023-07-17,20.79,20.79,20.63,20.63,1500,20.613,20.4877
2023-07-18,20.71,20.71,20.47,20.55,1000,20.6365,20.4937
2023-07-19,20.47,20.71,20.47,20.55,1800,20.6245,20.499
2023-07-20,20.63,20.63,20.47,20.47,1800,20.612,20.4963
2023-07-21,20.07,20.55,20.07,20.47,3200,20.628,20.4938
2023-07-24,20.47,20.55,20.39,20.47,900,20.6295,20.4915
2023-07-25,20.47,20.55,20.39,20.39,1401,20.627,20.4818
2023-07-26,20.79,20.79,20.39,20.47,1904,20.6145,20.4807
2023-07-27,20.79,20.79,20.79,20.79,100,20.618,20.5102
2023-07-28,20.79,20.79,19.91,20.71,4000,20.618,20.5292
2023-07-31,20.47,20.47,20.39,20.39,1030,20.594,20.5159
2023-08-01,20.39,20.39,20.07,20.07,17700,20.554,20.4735
2023-08-02,20.07,20.07,19.99,20.07,1800,20.518,20.435
2023-08-03,20.07,20.07,20.07,20.07,1300,20.482,20.4003
2023-08-04,20.07,20.07,19.99,20.07,2800,20.486,20.3688
2023-08-07,19.99,20.07,19.91,19.91,3100,20.45,20.3251
2023-08-08,19.99,19.99,19.99,19.99,1700,20.41,20.2932
2023-08-09,20.07,20.07,19.91,19.91,2610,20.37,20.2567
2023-08-10,20.39,20.39,19.99,19.99,1400,20.334,20.2313
2023-08-11,19.82,20.07,19.66,19.66,4430,20.2815,20.1769
2023-08-14,20.47,21.67,19.74,19.74,2500,20.237,20.1353
2023-08-15,20.71,20.71,19.99,19.99,400,20.209,20.1215
2023-08-16,20.07,20.07,19.99,19.99,2300,20.181,20.1089
2023-08-17,20.39,20.39,20.07,20.07,800,20.161,20.1052
2023-08-18,20.39,20.39,19.82,19.82,1900,20.1285,20.0781
2023-08-21,19.99,19.99,19.74,19.74,1300,20.092,20.0459
2023-08-22,20.31,20.31,19.74,19.74,1701,20.0595,20.0167
2023-08-23,20.23,20.23,20.23,20.23,200,20.0475,20.037
2023-08-24,20.23,20.23,20.07,20.07,800,20.0115,20.0402
2023-08-25,20.07,20.07,19.91,19.91,1600,19.9715,20.0278
2023-08-28,20.15,20.15,20.07,20.07,500,19.9555,20.0318
2023-08-29,20.39,20.39,19.91,19.91,1700,19.9475,20.0202
2023-08-30,20.39,20.39,20.23,20.23,1000,19.9555,20.0402
2023-08-31,20.23,20.23,20.23,20.23,600,19.9635,20.0583
2023-09-05,20.07,20.23,19.91,19.91,2166,19.9555,20.0441
2023-09-06,19.99,19.99,19.82,19.82,1200,19.951,20.0228
2023-09-07,20.39,20.39,20.31,20.31,200,19.967,20.0501
2023-09-08,20.39,20.39,20.31,20.31,501,19.987,20.0749
2023-09-11,20.39,20.39,20.31,20.31,600,20.003,20.0973
2023-09-12,20.07,20.07,20.07,20.07,500,20.0235,20.0947
2023-09-13,20.07,20.07,19.82,20.07,800,20.04,20.0923
2023-09-14,20.39,20.39,20.07,20.07,500,20.044,20.0902
2023-09-15,20.23,20.23,20.15,20.15,200,20.052,20.0959
2023-09-18,20.31,22.47,20.07,20.07,1261,20.052,20.0934
2023-09-19,20.31,20.31,20.07,20.07,601,20.0645,20.0912
2023-09-20,20.23,20.23,20.23,20.23,1,20.089,20.1044
2023-09-21,20.31,20.31,20.31,20.31,150,20.1175,20.124
2023-09-22,20.31,20.31,20.23,20.23,704,20.1175,20.1341
2023-09-25,20.23,20.23,20.23,20.23,407,20.1255,20.1432
2023-09-26,20.23,20.23,20.07,20.07,1300,20.1335,20.1363
2023-09-27,19.99,19.99,19.99,19.99,211,20.1295,20.1223
2023-09-28,20.07,20.07,20.07,20.07,102,20.1375,20.1173
2023-09-29,20.23,20.23,20.23,20.23,800,20.1375,20.1281
2023-10-02,20.23,20.23,20.07,20.07,1500,20.1295,20.1225
2023-10-03,20.07,20.07,20.07,20.07,1000,20.1375,20.1175
2023-10-04,20.07,20.07,20.07,20.07,625,20.15,20.113
2023-10-05,19.91,19.91,19.91,19.91,300,20.13,20.0937
2023-10-06,19.91,19.91,19.91,19.91,1200,20.11,20.0762
2023-10-09,19.91,19.91,19.91,19.91,569,20.09,20.0604
2023-10-10,20.07,20.07,19.99,19.99,200,20.086,20.0537
2023-10-11,20.07,20.07,20.07,20.07,301,20.086,20.0552
2023-10-12,20.07,20.07,20.07,20.07,230,20.086,20.0566
2023-10-13,20.07,20.07,20.07,20.07,100,20.082,20.0579
2023-10-16,19.82,19.82,19.82,19.82,400,20.0695,20.0352
2023-10-17,20.07,20.31,19.91,19.91,20200,20.0615,20.0233
2023-10-18,19.82,19.82,19.82,19.82,1778,20.041,20.0039
2023-10-19,19.82,19.82,19.82,19.82,100,20.0165,19.9864
2023-10-20,19.82,19.82,19.66,19.66,700,19.988,19.9553
2023-10-23,19.91,19.91,19.74,19.74,700,19.9635,19.9348
2023-10-24,19.66,19.66,19.66,19.66,2000,19.943,19.9087
2023-10-25,19.66,19.66,19.66,19.66,3800,19.9265,19.885
2023-10-26,19.66,19.74,19.66,19.66,600,19.906,19.8635
2023-10-27,19.74,19.74,19.74,19.74,26,19.8815,19.8518
2023-10-30,19.74,19.74,19.74,19.74,0,19.865,19.8411
2023-10-31,19.74,19.74,19.74,19.74,0,19.8485,19.8315
2023-11-01,19.82,19.82,19.66,19.66,650,19.828,19.8152
2023-11-02,19.74,19.74,19.66,19.66,500,19.8155,19.8004
2023-11-03,19.66,19.66,19.66,19.66,600,19.803,19.787
2023-11-06,19.66,19.66,19.66,19.66,200,19.7905,19.7749
2023-11-07,19.66,19.66,19.66,19.66,300,19.774,19.764
2023-11-08,19.5,19.5,19.26,19.26,1100,19.7335,19.716
2023-11-09,19.26,19.66,19.26,19.5,9642,19.705,19.6954
2023-11-10,19.26,19.82,19.26,19.66,300,19.6845,19.692
2023-11-13,19.66,19.66,19.42,19.58,540,19.6725,19.6814
2023-11-14,20.07,20.07,20.07,20.07,510,19.6805,19.7184
2023-11-15,19.91,19.91,19.26,19.26,2030,19.6525,19.6747
2023-11-16,19.91,19.91,19.82,19.82,500,19.6525,19.6886
2023-11-17,19.82,19.91,19.82,19.82,1052,19.6605,19.7011
2023-11-20,19.82,19.82,19.34,19.34,600,19.6405,19.6667
2023-11-21,19.66,20.07,19.66,20.07,500,19.661,19.7051
2023-11-22,19.82,20.07,19.34,19.34,2800,19.645,19.6703
2023-11-23,19.82,19.82,19.82,19.82,100,19.653,19.6846
2023-11-24,19.82,19.82,19.5,19.5,331,19.641,19.667
2023-11-27,19.91,19.91,19.58,19.58,500,19.633,19.6587
2023-11-28,19.66,19.66,19.66,19.66,350,19.629,19.6588
2023-11-29,19.66,19.74,19.66,19.74,1000,19.633,19.6666
2023-11-30,19.66,19.66,19.58,19.58,1038,19.629,19.6583
2023-12-01,19.66,19.99,19.66,19.82,544,19.637,19.6737
2023-12-04,19.82,19.82,19.34,19.74,1200,19.641,19.68
2023-12-05,19.74,19.74,19.5,19.5,636,19.633,19.6629
2023-12-06,19.82,20.07,19.66,20.07,5301,19.6735,19.7017
2023-12-07,20.07,20.07,19.66,19.66,708,19.6815,19.6977
2023-12-08,19.91,20.07,19.91,20.07,2900,19.702,19.7332
2023-12-11,19.99,19.99,19.99,19.99,3300,19.7225,19.7576
2023-12-12,20.07,20.07,20.07,20.07,130,19.7225,19.7874
2023-12-13,20.07,20.07,20.07,20.07,1,19.763,19.8143
2023-12-14,20.71,20.71,20.71,20.71,101,19.8075,19.8996
2023-12-15,20.55,20.55,20.55,20.55,100,19.844,19.9615
2023-12-18,20.71,20.71,20.71,20.71,100,19.9125,20.0328
2023-12-19,20.47,20.63,20.47,20.63,201,19.9405,20.0897
2023-12-20,20.07,20.15,20.07,20.15,1602,19.981,20.0954
2023-12-21,20.07,20.07,20.07,20.07,1100,19.9935,20.093
2023-12-22,20.07,20.07,20.07,20.07,2034,20.022,20.0908
2023-12-25,20.15,21.67,20.15,21.67,200,20.1265,20.2412
2023-12-26,20.87,20.95,20.87,20.95,2500,20.191,20.3087
2023-12-27,20.79,20.87,20.79,20.87,328,20.2475,20.3622
2023-12-28,20.87,20.87,20.87,20.87,0,20.312,20.4105
2023-12-29,20.87,20.87,20.87,20.87,720,20.3645,20.4543
2024-01-02,20.87,20.87,20.87,20.87,2700,20.421,20.4939
2024-01-03,20.87,20.87,20.87,20.87,5,20.4895,20.5297
2024-01-04,20.87,20.87,20.87,20.87,72,20.5295,20.5621
2024-01-05,20.87,20.87,20.87,20.87,0,20.59,20.5914
2024-01-08,20.87,20.87,20.87,20.87,0,20.63,20.618
2024-01-09,20.87,20.87,20.87,20.87,0,20.674,20.642
2024-01-10,20.71,20.71,20.71,20.71,1000,20.706,20.6485
2024-01-11,20.87,20.87,20.87,20.87,230,20.746,20.6696
2024-01-12,20.79,20.79,20.79,20.79,703,20.75,20.681
2024-01-15,20.79,20.79,20.79,20.79,4,20.762,20.6914
2024-01-16,20.71,20.87,20.71,20.87,11400,20.77,20.7084
2024-01-17,20.79,20.79,20.79,20.79,100,20.778,20.7162
2024-01-18,20.87,20.87,20.87,20.87,4800,20.814,20.7308
2024-01-19,20.87,20.87,20.87,20.87,80,20.854,20.7441
2024-01-22,20.87,20.87,20.87,20.87,6000,20.894,20.7561
2024-01-23,20.87,20.87,20.87,20.87,3201,20.854,20.7669
2024-01-24,20.87,20.87,20.87,20.87,33,20.85,20.7767
2024-01-25,21.59,21.59,21.59,21.59,122,20.886,20.8542
2024-01-26,20.87,20.87,20.87,20.87,12000,20.886,20.8557
2024-01-29,20.87,20.87,20.87,20.87,800,20.886,20.8571
2024-01-30,20.87,21.27,20.87,21.27,5009,20.906,20.8964
2024-01-31,21.27,21.27,21.27,21.27,4200,20.926,20.932
2024-02-01,21.67,21.67,21.67,21.67,6122,20.966,21.0023
2024-02-02,21.27,21.67,21.27,21.67,5015,21.006,21.0659
2024-02-05,21.67,21.83,21.67,21.83,2100,21.054,21.1386
2024-02-06,22.07,22.07,20.87,20.87,15807,21.054,21.113
2024-02-07,22.07,22.07,22.07,22.07,124,21.122,21.2042
2024-02-15,22.07,22.07,22.07,22.07,410,21.182,21.2866
2024-02-16,22.07,22.47,21.27,22.47,7600,21.266,21.3993
2024-02-19,22.31,22.31,22.31,22.31,205,21.342,21.4861
2024-02-20,22.31,22.31,22.31,22.31,4500,21.414,21.5645
2024-02-21,22.23,22.47,22.23,22.47,6012,21.498,21.6508
2024-02-22,21.67,21.67,21.67,21.67,2815,21.538,21.6526
2024-02-23,21.67,22.47,21.67,22.47,9742,21.618,21.7305
2024-02-26,22.47,23.28,22.47,23.28,1000,21.7385,21.878
2024-02-27,23.2,23.2,23.2,23.2,1422,21.855,22.0039
2024-02-28,23.12,23.28,23.12,23.28,8800,21.9755,22.1255
2024-02-29,24.08,24.08,24.0,24.0,1251,22.096,22.304
2024-03-01,24.08,25.68,21.67,22.55,46300,22.18,22.3274
2024-03-04,23.2,23.36,23.2,23.28,601,22.3005,22.4181
2024-03-05,23.28,24.88,23.28,24.48,4797,22.461,22.6145
2024-03-06,24.32,24.8,24.32,24.8,1003,22.6375,22.8227
2024-03-07,24.88,24.88,24.88,24.88,230,22.798,23.0186
2024-03-08,24.88,24.88,24.88,24.88,1300,22.9585,23.1959
2024-03-11,24.88,24.88,24.8,24.88,1366,23.111,23.3563
2024-03-12,24.88,24.88,24.88,24.88,800,23.3115,23.5014
2024-03-13,25.68,25.68,25.68,25.68,1050,23.492,23.7089
2024-03-14,26.89,28.09,26.49,26.49,1510,23.713,23.9737
2024-03-15,26.49,27.29,24.08,24.08,1402,23.7935,23.9839
2024-03-18,24.08,25.68,24.08,25.68,1100,23.962,24.1454
2024-03-19,26.49,26.49,26.41,26.41,510,24.167,24.3611
2024-03-20,25.68,26.09,25.68,25.68,2213,24.3275,24.4867
2024-03-21,26.09,26.09,25.28,25.28,1769,24.508,24.5622
2024-03-22,26.41,26.41,26.41,26.41,300,24.705,24.7382
2024-03-25,26.33,26.41,26.33,26.41,1668,24.8615,24.8974
2024-03-26,26.33,26.33,25.28,25.28,3100,24.9655,24.9339
2024-03-27,25.68,26.41,25.68,26.41,3227,25.122,25.0745
2024-03-28,26.41,27.29,26.41,27.29,6409,25.2865,25.2855
2024-03-29,27.29,28.89,27.29,28.49,70560,25.5835,25.5907
2024-04-01,28.89,32.11,28.89,32.11,74552,26.025,26.2115
2024-04-02,32.59,35.72,32.11,35.24,85981,26.563,27.0714
2024-04-03,35.4,35.4,29.94,34.43,31371,27.0445,27.7722
2024-04-04,33.71,33.71,30.5,33.71,9212,27.486,28.3377
2024-04-05,32.75,32.75,30.1,32.51,30281,27.8675,28.7351
2024-04-08,28.01,34.51,28.01,33.71,5305,28.309,29.2089
2024-04-09,34.51,35.24,34.51,35.24,206,28.827,29.7833
2024-04-10,35.24,35.24,31.94,34.51,4217,29.2685,30.2334
2024-04-11,32.91,32.91,32.11,32.91,1016,29.5895,30.4883
2024-04-12,32.91,32.91,32.51,32.91,3115,30.031,30.719
2024-04-15,32.51,34.51,32.51,34.51,29501,30.4725,31.08
2024-04-16,35.32,35.32,34.11,34.91,5931,30.8975,31.4448
2024-04-17,34.88,39.1,34.16,34.16,8931,31.3215,31.7034
2024-04-19,38.65,38.65,30.29,30.29,9901,31.572,31.5688
2024-04-22,31.55,31.64,31.55,31.64,1200,31.8335,31.5756
2024-04-23,31.73,31.91,31.64,31.73,2510,32.0995,31.5903
2024-04-24,31.91,35.96,31.91,35.06,1499,32.5885,31.9207
2024-04-25,33.71,33.71,33.71,33.71,15,32.9535,32.0911
2024-04-26,33.26,33.26,31.46,31.46,600,33.162,32.031
2024-05-02,33.26,33.26,31.91,31.91,3410,33.333,32.0195
2024-05-03,31.91,33.17,31.91,33.17,490,33.386,32.1291
2024-05-06,32.81,32.81,31.91,31.91,1300,33.2195,32.1082
2024-05-07,32.81,32.81,32.45,32.45,800,33.1205,32.1408
2024-05-08,32.63,33.26,32.63,33.26,1000,33.098,32.2473
2024-05-09,32.81,35.51,32.36,35.51,25739,33.248,32.5581
2024-05-10,34.16,35.51,34.16,34.34,20100,33.2795,32.7278
2024-05-13,35.06,36.85,35.06,35.15,2800,33.275,32.9585
2024-05-14,35.06,35.51,34.16,35.42,4000,33.3205,33.1929
2024-05-15,35.06,35.06,33.08,33.71,810,33.3605,33.2421
2024-05-16,35.42,35.51,35.33,35.33,4100,33.4815,33.441
2024-05-17,35.15,35.24,34.25,35.24,8217,33.518,33.6123
2024-05-20,35.24,35.96,35.06,35.96,6314,33.5705,33.8359
2024-05-21,35.96,39.46,35.24,36.5,14074,33.6875,34.0896
2024-05-22,37.3,37.3,37.3,37.3,800,34.038,34.3954
2024-05-23,37.12,37.12,35.96,35.96,2600,34.254,34.5444
2024-05-24,36.85,37.75,36.05,37.75,4605,34.555,34.8497
2024-05-27,37.75,37.75,36.85,36.85,5500,34.6445,35.0402
2024-05-28,36.85,36.85,36.85,36.85,1407,34.8015,35.2126
2024-05-29,36.85,36.85,36.85,36.85,104,35.071,35.3685
2024-05-30,35.96,38.2,35.96,38.2,1410,35.3855,35.6382
2024-05-31,36.41,36.41,36.41,36.41,1982,35.5475,35.7117
2024-06-03,36.85,36.85,36.85,36.85,322,35.7945,35.8201
2024-06-04,36.85,36.85,36.85,36.85,5206,36.0145,35.9182
2024-06-05,37.75,37.75,37.75,37.75,100,36.239,36.0926
2024-06-06,36.85,36.85,36.85,36.85,805,36.306,36.1648
2024-06-07,37.3,37.3,37.3,37.3,202,36.454,36.2729
2024-06-10,37.3,37.3,37.3,37.3,130,36.5615,36.3707
2024-06-11,36.94,36.94,36.94,36.94,100,36.6375,36.4249
2024-06-12,36.94,36.94,36.94,36.94,0,36.799,36.474
2024-06-13,36.85,37.3,36.85,37.3,793,36.8975,36.5526
2024-06-14,36.85,37.3,36.85,37.3,1100,37.0005,36.6238
2024-06-17,37.3,37.3,37.12,37.12,2714,37.0585,36.6711
2024-06-18,35.06,35.96,35.06,35.96,846,37.0315,36.6034
2024-06-19,36.85,37.3,36.85,37.3,23751,37.0315,36.6697
2024-06-20,37.21,37.21,37.21,37.21,501,37.094,36.7212
2024-06-21,36.85,36.85,36.41,36.41,1225,37.027,36.6915
2024-06-24,36.41,36.41,36.05,36.41,2703,37.005,36.6647
2024-06-25,36.14,36.85,36.14,36.41,1345,36.983,36.6405
2024-06-26,36.41,36.41,35.87,35.96,8315,36.9385,36.5757
2024-06-27,36.41,36.41,35.87,35.87,2201,36.822,36.5084
2024-06-28,35.96,35.96,35.96,35.96,610,36.7995,36.4562
2024-07-01,35.96,35.96,35.06,35.96,716,36.755,36.409
2024-07-02,35.96,35.96,35.96,35.96,2193,36.7105,36.3662
2024-07-03,35.96,35.96,35.87,35.87,1781,36.6165,36.3189
2024-07-04,35.96,36.5,35.78,36.5,7590,36.599,36.3362
2024-07-05,35.96,35.96,35.96,35.96,510,36.532,36.3004
2024-07-08,36.41,36.41,35.87,35.96,4032,36.465,36.2679
2024-07-09,36.41,36.41,36.05,36.05,4564,36.4205,36.2472
2024-07-10,36.41,36.41,35.96,35.96,4200,36.3715,36.2198
2024-07-11,36.85,36.85,36.41,36.41,1017,36.327,36.2379
2024-07-12,36.85,36.85,36.14,36.14,1100,36.269,36.2286
2024-07-15,36.41,36.77,35.96,36.41,2511,36.2335,36.2459
2024-07-16,36.77,36.85,36.77,36.77,6021,36.274,36.2958
2024-07-17,36.85,36.85,36.41,36.41,2149,36.2295,36.3067
2024-07-18,36.41,36.85,36.41,36.77,5037,36.2075,36.3508
2024-07-19,36.85,36.85,36.41,36.77,5519,36.2255,36.3907
2024-07-22,35.96,36.77,35.96,36.41,4802,36.2255,36.3926
2024-07-23,36.41,36.41,36.05,36.41,4764,36.2255,36.3942
2024-07-24,35.96,36.41,35.96,36.41,5303,36.248,36.3957
2024-07-25,36.41,36.41,36.14,36.23,2231,36.266,36.3799
2024-07-26,36.14,36.23,35.96,36.23,6508,36.2795,36.3657
2024-07-29,35.96,36.85,35.96,36.14,3866,36.2885,36.3442
2024-07-30,36.41,36.59,36.23,36.59,3500,36.32,36.3676
2024-07-31,36.59,36.59,36.59,36.59,332,36.356,36.3888
2024-08-01,36.59,36.59,36.59,36.59,2002,36.3605,36.4079
2024-08-02,36.59,36.85,36.41,36.85,2307,36.405,36.45
2024-08-05,35.96,36.59,35.96,36.41,1813,36.4275,36.4462
2024-08-06,36.59,36.77,36.59,36.68,2604,36.459,36.4685
2024-08-07,36.5,36.5,36.41,36.41,4107,36.4815,36.4629
2024-08-08,36.5,36.5,36.5,36.5,27124,36.486,36.4664
2024-08-09,36.41,36.41,36.32,36.32,2601,36.495,36.4525
2024-08-12,36.68,36.68,36.41,36.41,551,36.495,36.4485
2024-08-13,36.68,36.68,36.41,36.59,2451,36.486,36.4619
2024-08-14,36.5,36.5,36.41,36.41,700,36.486,36.457
2024-08-15,36.41,36.5,36.23,36.5,6222,36.4725,36.4611
2024-08-16,36.41,36.41,36.41,36.41,960,36.4545,36.4562
2024-08-19,36.41,36.41,36.41,36.41,2138,36.4545,36.4518
2024-08-20,36.41,36.5,36.41,36.41,15041,36.4545,36.4478
2024-08-21,36.5,36.5,36.41,36.41,1518,36.4545,36.4442
2024-08-22,36.5,36.5,36.5,36.5,170,36.468,36.4495
2024-08-23,36.41,36.59,36.14,36.41,6001,36.477,36.4458
2024-08-26,36.5,36.5,36.41,36.41,1206,36.4905,36.4424
2024-08-27,35.96,36.32,35.96,35.96,17640,36.459,36.3964
2024-08-28,35.96,35.96,35.87,35.96,4047,36.4275,36.3549
2024-08-29,35.96,35.96,35.78,35.96,11111,36.396,36.3173
2024-08-30,35.96,35.96,35.87,35.96,15500,36.3515,36.2832
2024-09-04,35.96,35.96,35.96,35.96,3553,36.329,36.2524
2024-09-05,35.96,35.96,35.87,35.96,6700,36.293,36.2246
2024-09-06,35.96,35.96,35.78,35.78,6102,36.2615,36.1823
2024-09-09,35.78,35.96,35.78,35.96,3020,36.2345,36.1611
2024-09-10,35.96,35.96,35.78,35.96,1207,36.2165,36.1419
2024-09-11,35.96,35.96,35.96,35.96,1001,36.194,36.1246
2024-09-12,35.96,35.96,35.96,35.96,502,36.1625,36.1089
2024-09-13,35.96,35.96,35.96,35.96,1005,36.14,36.0947
2024-09-16,35.78,35.96,35.78,35.87,11830,36.1085,36.0733
2024-09-17,35.96,35.96,35.78,35.87,5640,36.0815,36.054
2024-09-18,35.96,35.96,35.96,35.96,3601,36.059,36.045
2024-09-19,35.96,35.96,35.78,35.78,800,36.0275,36.0198
2024-09-20,35.87,35.87,35.78,35.87,1159,36.0005,36.0055
2024-09-23,35.87,35.96,35.87,35.96,1365,35.9735,36.0012
2024-09-24,35.87,35.87,35.87,35.87,305,35.9465,35.9887
2024-09-25,35.87,35.87,35.87,35.87,1930,35.9195,35.9774
2024-09-26,35.87,35.96,35.87,35.87,10100,35.915,35.9672
2024-09-27,35.87,35.87,35.87,35.87,4895,35.9105,35.9579
2024-09-30,35.87,35.87,35.87,35.87,309,35.906,35.9495
2024-10-01,35.87,35.87,35.24,35.87,2300,35.9015,35.942
2024-10-02,35.33,35.33,35.33,35.33,2,35.87,35.8837
2024-10-03,35.96,35.96,35.51,35.51,952,35.8475,35.8481
2024-10-04,35.87,35.87,35.78,35.87,1026,35.852,35.8502
2024-10-07,35.96,35.96,35.87,35.87,4600,35.8475,35.8521
2024-10-08,35.87,35.96,35.87,35.87,21310,35.843,35.8538
2024-10-09,35.87,35.87,35.78,35.87,7600,35.8385,35.8553
2024-10-10,35.87,35.87,35.51,35.51,4611,35.816,35.8224
2024-10-11,35.87,35.87,35.87,35.87,1101,35.8115,35.827
2024-10-14,35.87,35.87,35.87,35.87,202,35.8115,35.8311
2024-10-15,35.78,35.78,35.78,35.78,4401,35.807,35.8262
2024-10-16,30.74,35.87,30.74,35.78,3711,35.798,35.8218
2024-10-17,35.06,35.78,34.7,35.78,3901,35.798,35.8178
2024-10-18,35.87,35.87,35.06,35.78,709,35.7935,35.8142
2024-10-21,35.6,35.6,35.51,35.6,1225,35.7755,35.7938
2024-10-22,35.6,35.6,35.6,35.6,310,35.762,35.7754
2024-10-23,35.51,35.51,35.51,35.51,1000,35.744,35.7501
2024-10-24,35.51,35.51,35.51,35.51,500,35.726,35.7272
2024-10-25,35.51,35.51,35.06,35.06,610,35.6855,35.6637
2024-10-28,35.06,35.06,35.06,35.06,100,35.645,35.6062
2024-10-29,35.06,35.06,34.97,34.97,12175,35.6,35.5456
2024-10-30,34.88,34.97,34.88,34.88,3164,35.5775,35.4822
2024-10-31,34.88,34.88,34.88,34.88,700,35.546,35.4248
2024-11-01,35.06,35.06,34.88,34.88,1139,35.4965,35.373
2024-11-04,34.88,34.88,34.88,34.88,603,35.447,35.326
2024-11-05,35.06,35.06,35.06,35.06,500,35.4065,35.3007
2024-11-06,35.06,35.06,35.06,35.06,1013,35.366,35.2778
2024-11-07,35.06,35.06,35.06,35.06,1000,35.3435,35.257
2024-11-08,34.97,35.06,34.88,35.06,1500,35.303,35.2383
2024-11-11,34.97,35.06,34.97,35.06,710,35.2625,35.2213
2024-11-12,35.06,35.06,34.61,34.61,2400,35.204,35.1631
2024-11-13,34.88,34.88,34.79,34.88,1700,35.159,35.1361
2024-11-14,35.06,35.06,35.06,35.06,700,35.123,35.1289
2024-11-15,34.97,34.97,34.61,34.61,3815,35.0645,35.0794
2024-11-18,34.61,34.88,34.61,34.88,600,35.0285,35.0604
2024-11-19,35.06,35.06,34.88,34.88,700,34.9925,35.0433
2024-11-20,35.06,35.06,35.06,35.06,212,34.97,35.0449
2024-11-21,34.88,35.06,34.88,35.06,600,34.9475,35.0463
2024-11-22,35.06,35.06,35.06,35.06,141,34.9475,35.0476
2024-11-25,35.06,35.06,35.06,35.06,300,34.9475,35.0488
2024-11-26,35.06,35.06,34.61,34.61,441,34.9295,35.007
2024-11-27,35.06,35.06,35.06,35.06,209,34.9385,35.012
2024-11-28,35.06,35.06,35.06,35.06,10800,34.9475,35.0166
2024-11-29,35.06,35.06,34.88,34.97,3300,34.952,35.0122
2024-12-02,35.06,35.06,34.97,34.97,3000,34.9565,35.0082
2024-12-03,34.97,35.06,34.88,35.06,5332,34.9565,35.0131
2024-12-04,35.06,35.06,35.06,35.06,7207,34.9565,35.0176
2024-12-05,35.06,35.06,35.06,35.06,3801,34.9565,35.0216
2024-12-06,35.06,35.06,34.97,34.97,1500,34.952,35.0167
2024-12-09,35.06,35.06,35.06,35.06,232,34.952,35.0208
2024-12-10,35.06,35.06,34.88,35.06,1000,34.9745,35.0245
2024-12-11,35.06,35.06,35.06,35.06,1500,34.9835,35.0279
2024-12-12,34.97,34.97,34.88,34.88,3152,34.9745,35.0138
2024-12-13,34.97,34.97,34.88,34.97,2800,34.9925,35.0097
2024-12-16,34.97,34.97,34.97,34.97,501,34.997,35.0059
2024-12-17,35.06,35.06,35.06,35.06,506,35.006,35.011
2024-12-18,35.06,35.06,35.06,35.06,410,35.006,35.0157
2024-12-19,35.06,35.06,35.06,35.06,45,35.006,35.0199
2024-12-20,35.06,35.06,35.06,35.06,211,35.006,35.0237
2024-12-23,34.97,34.97,34.97,34.97,1100,35.0015,35.0186
2024-12-24,34.88,34.97,34.88,34.97,3412,35.0195,35.014
2024-12-25,34.97,34.97,34.97,34.97,690,35.015,35.0098
2024-12-26,34.88,34.88,34.88,34.88,3100,35.006,34.9974
2024-12-27,34.88,34.88,34.88,34.88,1100,35.0015,34.9863
2024-12-30,34.88,34.88,34.88,34.88,10,34.997,34.9761
2024-12-31,34.97,34.97,34.97,34.97,1000,34.9925,34.9755
2025-01-02,35.51,35.51,35.06,35.06,600,34.9925,34.9836
2025-01-03,35.15,35.15,35.15,35.15,46,34.997,34.9994
2025-01-06,35.06,35.06,34.88,34.97,2001,34.997,34.9966
2025-01-07,34.88,35.06,34.61,35.06,11512,34.997,35.0027
2025-01-08,34.88,35.06,34.88,35.06,4501,34.997,35.0081
2025-01-09,35.06,35.06,35.06,35.06,101,34.997,35.0131
2025-01-10,35.06,35.06,35.06,35.06,3134,35.006,35.0175
2025-01-13,35.06,35.06,35.06,35.06,100,35.0105,35.0216
2025-01-14,35.06,35.06,35.06,35.06,1500,35.015,35.0252
2025-01-15,35.06,35.06,34.97,34.97,417,35.0105,35.02
2025-01-16,34.97,34.97,34.97,34.97,600,35.006,35.0152
2025-01-17,34.97,34.97,34.97,34.97,200,35.0015,35.0109
2025-01-20,34.97,34.97,34.52,34.61,1000,34.979,34.9727
2025-01-21,34.79,34.88,34.79,34.88,2361,34.9745,34.9639
2025-01-22,34.97,35.06,34.97,35.06,1300,34.979,34.9731
2025-01-23,35.06,35.06,34.97,34.97,601,34.979,34.9728
2025-01-24,34.88,34.97,34.88,34.97,400,34.9835,34.9725
2025-02-03,34.88,34.88,34.88,34.88,500,34.9835,34.9637
2025-02-04,34.88,34.88,34.79,34.88,3141,34.9835,34.9557
2025-02-05,35.06,35.06,35.06,35.06,500,34.988,34.9657
2025-02-06,35.06,35.06,34.97,35.06,6818,34.988,34.9746
2025-02-07,35.06,35.06,35.06,35.06,301,34.9835,34.9828
2025-02-10,33.26,34.97,33.26,34.97,850,34.9835,34.9816
2025-02-11,34.97,35.51,34.97,35.06,4100,34.9835,34.989
2025-02-12,34.97,35.06,34.97,35.06,1052,34.9835,34.9958
2025-02-13,35.06,35.06,34.79,34.79,1500,34.97,34.9762
2025-02-14,35.06,35.06,35.06,35.06,1211,34.97,34.9842
2025-02-17,35.06,35.06,35.06,35.06,1800,34.97,34.9914
2025-02-18,35.06,35.06,35.06,35.06,8110,34.97,34.9979
2025-02-19,35.87,35.87,35.87,35.87,1971,35.015,35.081
2025-02-20,35.69,35.96,35.69,35.96,1602,35.0645,35.1647
2025-02-21,35.87,35.87,35.87,35.87,2849,35.1095,35.2319
2025-02-24,34.61,35.87,34.61,35.87,600,35.1725,35.2926
2025-02-25,34.88,36.85,34.88,36.85,1900,35.271,35.441
2025-02-26,37.3,37.48,37.3,37.48,853,35.392,35.6352
2025-02-27,37.39,37.39,37.39,37.39,0,35.513,35.8023
2025-02-28,37.39,37.39,35.87,37.39,900,35.634,35.9535
2025-03-03,35.96,36.85,35.51,36.41,1300,35.7105,35.997
2025-03-04,36.85,37.03,35.69,36.68,750,35.8005,36.062
2025-03-05,36.85,36.85,36.41,36.85,600,35.89,36.1371
2025-03-06,36.68,37.3,36.68,37.3,340,36.002,36.2478
2025-03-07,39.55,39.55,36.85,37.75,500,36.1365,36.3909
2025-03-10,35.96,37.75,35.96,37.75,1100,36.2755,36.5203
2025-03-11,37.75,37.75,36.23,36.23,843,36.334,36.4927
2025-03-12,37.57,37.57,37.39,37.39,200,36.4505,36.5781
2025-03-13,36.85,40.9,36.85,36.85,2301,36.5535,36.604
2025-03-14,37.66,37.66,37.03,37.03,814,36.652,36.6446
2025-03-17,37.39,41.35,37.39,37.48,1705,36.773,36.7242
2025-03-18,37.39,38.65,37.39,38.65,5943,36.9525,36.9076
2025-03-19,38.56,38.56,38.38,38.47,1002,37.0825,37.0564
2025-03-20,35.96,38.47,35.96,38.2,657,37.1945,37.1653
2025-03-21,35.96,36.85,35.96,36.85,2301,37.2435,37.1353
2025-03-24,36.14,37.75,36.14,37.75,430,37.3375,37.1938
2025-03-25,36.85,36.85,35.96,35.96,1800,37.293,37.0763
2025-03-26,36.41,36.41,36.41,36.41,1049,37.2395,37.0128
2025-03-27,37.75,37.75,35.96,36.41,7842,37.1905,36.9554
2025-03-28,37.75,37.75,36.85,37.3,520,37.186,36.9882
2025-03-31,37.3,37.3,36.85,36.85,313,37.208,36.9751
2025-04-01,36.85,37.3,36.85,37.3,554,37.239,37.006
2025-04-02,37.75,37.75,37.75,37.75,210,37.284,37.0769
2025-04-03,37.48,37.48,35.06,37.21,1002,37.2795,37.0896
2025-04-04,36.85,36.85,35.96,36.14,10455,37.199,36.9991
2025-04-08,36.14,36.14,35.06,35.24,7516,37.0735,36.8316
2025-04-09,35.87,35.87,35.78,35.87,1045,37.0555,36.74
2025-04-10,35.87,36.85,35.15,36.77,7100,37.0245,36.7429
2025-04-11,35.87,36.68,35.69,35.96,1730,36.98,36.6683
2025-04-14,36.41,37.75,36.41,36.59,2068,36.958,36.6608
2025-04-15,36.77,36.85,36.23,36.77,5545,36.9225,36.6712
2025-04-16,36.85,36.85,36.41,36.77,1370,36.8285,36.6806
2025-04-17,36.85,36.85,35.96,36.85,1408,36.7475,36.6968
2025-04-18,35.87,36.59,35.87,36.59,609,36.667,36.6866
2025-04-21,36.59,36.59,36.05,36.5,2022,36.6495,36.6688
2025-04-22,37.75,41.71,36.32,36.85,2000,36.6045,36.6861
2025-04-23,37.21,37.21,36.77,36.85,560,36.649,36.7017
2025-04-24,36.85,36.94,36.68,36.94,3500,36.6755,36.7244
2025-04-25,36.85,37.75,36.85,37.3,3900,36.72,36.7792
2025-04-28,37.12,41.35,37.03,40.45,19107,36.8775,37.1288
2025-04-29,40.36,40.36,39.55,40.09,5708,37.0395,37.4108
2025-05-05,40.4,40.5,39.8,39.8,6055,37.1645,37.6384
2025-05-06,40.9,40.9,39.8,40.1,6731,37.282,37.8728
2025-05-07,38.5,41.0,38.5,40.0,1720,37.4215,38.0754
2025-05-08,41.0,41.0,40.0,40.5,3505,37.6395,38.3063
2025-05-09,40.5,41.0,40.5,40.9,5558,37.9225,38.5533
2025-05-12,42.0,45.0,41.0,43.0,6950,38.279,38.9768
2025-05-13,43.8,43.9,42.0,43.9,6500,38.6355,39.4457
2025-05-14,43.0,44.0,41.0,43.5,10850,39.0125,39.8318
2025-05-15,43.8,44.3,43.3,43.8,4639,39.373,40.2097
2025-05-16,43.5,44.0,43.0,44.0,6600,39.7345,40.5707
2025-05-19,42.0,44.0,42.0,43.8,4800,40.086,40.8783
2025-05-20,43.0,43.7,40.5,43.7,7200,40.4285,41.147
2025-05-21,43.5,43.9,42.6,43.8,2000,40.789,41.3997
2025-05-22,42.6,43.8,42.5,43.8,5700,41.154,41.6283
2025-05-23,42.0,43.9,42.0,43.6,10400,41.4915,41.8161
2025-05-26,43.0,44.0,43.0,43.8,6100,41.839,42.005
2025-05-27,43.8,46.0,43.1,44.0,4100,42.192,42.195
2025-05-28,43.0,45.0,43.0,44.6,3200,42.557,42.4241
2025-05-29,44.9,44.9,43.8,43.9,1300,42.7295,42.5646
2025-05-30,42.5,44.9,42.5,44.0,2100,42.925,42.7013
2025-06-02,40.5,44.5,40.5,44.5,3300,43.16,42.8726
2025-06-03,45.0,45.0,43.0,43.0,1700,43.305,42.8848
2025-06-04,43.0,44.2,43.0,44.2,1000,43.515,43.01
2025-06-05,44.4,44.4,44.4,44.4,600,43.71,43.1424
2025-06-06,43.5,44.6,43.5,44.0,1100,43.865,43.2241
2025-06-09,44.2,44.8,43.9,44.4,2400,43.935,43.3361
2025-06-10,44.8,44.8,44.0,44.0,1700,43.94,43.3993
2025-06-11,44.6,44.6,43.8,44.0,2100,43.965,43.4565
2025-06-12,41.5,44.8,41.5,44.4,1200,43.995,43.5464
2025-06-13,44.0,44.3,44.0,44.3,2600,44.01,43.6181
2025-06-16,44.4,44.4,44.3,44.3,1400,44.035,43.6831
2025-06-17,44.3,44.3,44.0,44.0,1700,44.05,43.7133
2025-06-18,43.8,44.0,43.5,43.5,1200,44.035,43.693
2025-06-19,43.9,43.9,43.5,43.9,1400,44.04,43.7127
2025-06-20,44.0,44.0,43.6,43.6,1000,44.04,43.7019
2025-06-23,43.5,43.5,43.5,43.5,300,44.025,43.6827
2025-06-24,43.5,43.8,43.5,43.8,800,44.015,43.6939
2025-06-25,43.8,43.8,43.0,43.3,2600,43.95,43.6564
2025-06-26,43.2,43.7,43.2,43.7,400,43.94,43.6605
2025-06-27,44.0,44.0,44.0,44.0,100,43.94,43.6929
2025-06-30,44.0,44.0,43.5,43.9,1700,43.91,43.7126
2025-07-01,43.9,43.9,43.3,43.5,2300,43.935,43.6923
2025-07-02,43.8,43.9,43.4,43.4,3000,43.895,43.6645
2025-07-03,44.5,44.5,43.7,43.7,700,43.86,43.6679
2025-07-04,43.0,44.0,43.0,44.0,1800,43.86,43.6995
2025-07-07,42.0,42.5,42.0,42.5,2000,43.765,43.5853
2025-07-08,43.0,43.2,42.5,42.5,600,43.69,43.4819
2025-07-09,44.0,44.0,42.0,43.5,1400,43.665,43.4836
2025-07-10,43.5,43.5,43.0,43.5,1500,43.62,43.4852
2025-07-11,43.5,43.5,42.5,43.5,1100,43.58,43.4866
2025-07-14,42.0,43.4,42.0,43.4,6800,43.535,43.4784
2025-07-15,42.5,42.7,42.5,42.7,9600,43.47,43.4042
2025-07-16,43.0,43.0,42.0,42.0,800,43.395,43.2705
2025-07-17,42.5,43.0,42.0,42.0,6500,43.3,43.1495
2025-07-18,40.7,43.0,40.7,43.0,5400,43.27,43.1353
2025-07-21,42.0,42.0,41.2,41.2,3900,43.155,42.9509
2025-07-22,41.0,42.0,41.0,41.9,3500,43.06,42.8509
2025-07-23,41.7,47.0,41.7,43.0,9300,43.045,42.8651
2025-07-24,41.9,44.0,41.8,42.0,6900,42.96,42.7827
2025-07-25,42.0,44.0,42.0,43.0,7100,42.91,42.8034
2025-07-28,42.1,44.0,42.1,42.5,2700,42.84,42.7745
2025-07-29,42.1,44.0,42.0,43.8,5100,42.855,42.8721
2025-07-30,43.0,44.0,42.5,43.8,4300,42.875,42.9605
2025-07-31,43.5,43.7,42.5,43.7,13900,42.875,43.0309
2025-08-01,43.4,43.7,43.4,43.5,4400,42.85,43.0756
2025-08-04,43.5,43.9,43.2,43.3,7600,42.89,43.097
2025-08-05,43.5,43.8,43.0,43.7,2600,42.95,43.1544
2025-08-06,43.6,43.8,43.0,43.8,10200,42.965,43.2159
2025-08-07,42.5,43.9,42.5,43.8,3800,42.98,43.2715
2025-08-08,43.8,43.9,43.0,43.7,3800,42.99,43.3123
2025-08-11,42.2,43.9,42.2,43.5,12500,42.995,43.3302
2025-08-12,43.5,43.7,43.0,43.0,6900,43.01,43.2988
2025-08-13,43.3,43.5,42.7,42.7,12000,43.045,43.2417
2025-08-14,43.0,43.3,43.0,43.0,9200,43.095,43.2187
2025-08-15,42.7,43.0,42.0,43.0,2000,43.095,43.1979
2025-08-18,42.0,43.0,42.0,43.0,2000,43.185,43.179
2025-08-19,42.9,42.9,42.8,42.9,3800,43.235,43.1525
2025-08-20,43.0,43.0,42.5,42.9,4000,43.23,43.1284
2025-08-21,42.9,43.0,41.0,42.8,5200,43.27,43.0971
2025-08-22,42.9,42.9,41.5,42.6,5000,43.25,43.0498
2025-08-25,41.0,42.9,41.0,42.6,2800,43.255,43.007
2025-08-26,42.8,42.9,42.0,42.7,5000,43.2,42.9777
2025-08-27,41.0,42.8,41.0,42.5,5000,43.135,42.9322
2025-08-28,42.0,42.7,42.0,42.5,1700,43.075,42.8911
2025-08-29,41.3,42.5,41.3,42.5,2000,43.025,42.8538
2025-09-03,41.4,42.4,41.4,42.4,2100,42.98,42.8106
2025-09-04,42.4,42.4,41.5,41.7,1700,42.88,42.7048
2025-09-05,42.0,42.0,41.4,41.5,2100,42.765,42.5901
2025-09-08,41.5,42.0,41.0,41.7,4000,42.66,42.5053
2025-09-09,41.6,41.6,41.5,41.5,2000,42.55,42.4096
2025-09-10,41.0,41.5,41.0,41.5,3000,42.45,42.3229
2025-09-11,41.4,41.4,41.0,41.4,2200,42.37,42.235
2025-09-12,40.5,41.5,40.5,41.5,2000,42.31,42.165
2025-09-15,40.6,41.5,40.6,41.0,2300,42.21,42.0541
2025-09-16,41.4,41.4,41.0,41.0,1600,42.11,41.9537
2025-09-17,41.4,41.4,41.0,41.4,1500,42.03,41.901
2025-09-18,41.4,41.4,41.3,41.4,2000,41.955,41.8532
2025-09-19,41.3,41.4,41.0,41.3,3100,41.875,41.8006
2025-09-22,40.1,41.3,39.0,41.2,2900,41.795,41.7434
2025-09-23,41.0,41.0,40.0,40.0,1300,41.665,41.5773
2025-09-24,40.5,41.0,40.1,40.7,1900,41.57,41.4938
2025-09-25,40.0,40.9,40.0,40.8,2200,41.475,41.4277
2025-09-26,40.7,41.0,40.3,40.3,1100,41.365,41.3203
2025-09-29,40.2,41.0,40.2,40.7,4200,41.275,41.2612
2025-09-30,40.8,40.8,40.3,40.8,1400,41.19,41.2173
2025-10-01,40.9,43.2,40.6,41.5,2300,41.145,41.2442
2025-10-02,41.2,41.5,40.5,40.5,2900,41.085,41.1733
2025-10-03,40.0,41.5,40.0,41.4,1800,41.08,41.1949
2025-10-06,39.0,41.2,39.0,41.0,4100,,
2025-10-07,41.2,41.2,41.0,41.0,3200,,
