time,open,high,low,close,volume,SMA_20,EMA_20
2020-01-02,7.04,7.13,6.95,7.04,163900,,
2020-01-03,7.1,7.1,6.95,6.95,180370,,
2020-01-06,6.98,7.04,6.85,6.95,51480,,
2020-01-07,6.95,7.04,6.91,6.95,126170,,
2020-01-08,6.98,6.98,6.85,6.91,35410,,
2020-01-09,6.95,6.95,6.82,6.85,63040,,
2020-01-10,6.88,6.88,6.63,6.7,171430,,
2020-01-13,6.7,6.76,6.7,6.7,33930,,
2020-01-14,6.73,6.82,6.7,6.73,104330,,
2020-01-15,6.73,6.73,6.66,6.73,38060,,
2020-01-16,6.73,6.88,6.73,6.85,182790,,
2020-01-17,6.88,7.04,6.79,6.98,215220,,
2020-01-20,7.01,7.1,6.88,6.91,226560,,
2020-01-21,6.95,6.98,6.85,6.91,113530,,
2020-01-22,6.91,6.91,6.73,6.91,105970,,
2020-01-30,6.85,6.85,6.7,6.7,43330,,
2020-01-31,6.63,6.76,6.54,6.54,96820,,
2020-02-03,6.45,6.6,6.22,6.54,40760,,
2020-02-04,6.57,6.63,6.26,6.51,39740,,
2020-02-05,6.54,6.57,6.45,6.51,73710,6.7935,6.7664
2020-02-06,6.51,6.54,6.26,6.54,102750,6.7685,6.7448
2020-02-07,6.54,6.54,6.35,6.51,101720,6.7465,6.7225
2020-02-10,6.38,6.54,6.29,6.54,121710,6.726,6.7051
2020-02-11,6.57,6.79,6.54,6.66,141250,6.7115,6.7008
2020-02-12,6.7,6.79,6.66,6.66,158960,6.699,6.6969
2020-02-13,6.73,6.73,6.6,6.63,49290,6.688,6.6905
2020-02-14,6.63,6.76,6.57,6.57,105350,6.6815,6.6791
2020-02-17,6.57,6.6,6.54,6.54,61170,6.6735,6.6658
2020-02-18,6.54,6.79,6.54,6.63,128910,6.6685,6.6624
2020-02-19,6.6,6.63,6.6,6.63,8020,6.6635,6.6593
2020-02-20,6.63,6.73,6.57,6.7,94240,6.656,6.6632
2020-02-21,6.7,6.7,6.57,6.7,47670,6.642,6.6667
2020-02-24,6.57,6.6,6.51,6.54,5920,6.6235,6.6546
2020-02-25,6.35,6.6,6.35,6.6,38840,6.608,6.6494
2020-02-26,6.6,6.63,6.48,6.57,29620,6.591,6.6419
2020-02-27,6.6,6.66,6.51,6.66,29240,6.589,6.6436
2020-02-28,6.54,6.6,6.51,6.6,24570,6.592,6.6394
2020-03-02,6.6,6.66,6.6,6.66,50230,6.598,6.6414
2020-03-03,6.48,6.73,6.48,6.7,27440,6.6075,6.647
2020-03-04,6.73,6.79,6.6,6.6,38930,6.612,6.6425
2020-03-05,6.57,6.66,6.54,6.63,38820,6.6165,6.6413
2020-03-06,6.57,6.6,6.54,6.6,26120,6.621,6.6374
2020-03-09,6.48,6.48,6.23,6.35,10290,6.6115,6.61
2020-03-10,6.29,6.42,6.29,6.42,22720,6.5995,6.5919
2020-03-11,6.63,6.63,6.22,6.42,27400,6.5875,6.5755
2020-03-12,6.35,6.35,5.97,6.35,47730,6.5735,6.5541
2020-03-13,6.22,6.22,5.91,6.22,131340,6.556,6.5222
2020-03-16,6.35,6.35,6.1,6.21,13030,6.5395,6.4925
2020-03-17,6.22,6.22,6.11,6.2,1350,6.518,6.4646
2020-03-18,6.23,6.23,5.92,6.2,5450,6.4965,6.4394
2020-03-19,6.2,6.2,5.77,6.17,40300,6.47,6.4138
2020-03-20,6.17,6.17,5.92,6.17,23390,6.4435,6.3906
2020-03-23,6.16,6.16,5.74,6.14,32480,6.4235,6.3667
2020-03-24,5.89,6.1,5.89,6.1,15940,6.3985,6.3413
2020-03-25,6.15,6.23,6.1,6.12,16730,6.376,6.3202
2020-03-26,6.12,6.12,5.92,6.1,5760,6.348,6.2993
2020-03-27,6.1,6.11,5.89,6.1,27060,6.323,6.2803
2020-03-30,5.89,6.1,5.68,6.1,46340,6.295,6.2631
2020-03-31,6.1,6.1,5.73,6.1,20300,6.265,6.2476
2020-04-01,6.1,6.1,5.94,6.1,23060,6.24,6.2335
2020-04-03,6.1,6.12,5.95,6.1,20010,6.2135,6.2208
2020-04-06,6.1,6.12,5.92,6.1,23220,6.1885,6.2093
2020-04-07,6.14,6.2,6.05,6.17,77330,6.1795,6.2056
2020-04-08,6.14,6.17,6.03,6.17,25890,6.167,6.2022
2020-04-09,6.1,6.54,6.1,6.54,22050,6.173,6.2343
2020-04-10,6.48,6.48,6.23,6.29,58820,6.17,6.2396
2020-04-13,6.35,6.35,5.98,6.26,38010,6.172,6.2416
2020-04-14,6.29,6.29,6.03,6.04,32960,6.1635,6.2224
2020-04-15,6.1,6.21,5.98,6.13,48170,6.16,6.2136
2020-04-16,6.13,6.23,6.13,6.17,80250,6.1585,6.2094
2020-04-17,6.23,6.29,6.13,6.19,92240,6.1595,6.2076
2020-04-20,6.17,6.19,6.14,6.17,90490,6.1595,6.204
2020-04-21,6.18,6.18,6.14,6.14,27380,6.1595,6.1979
2020-04-22,6.17,6.17,6.04,6.04,5880,6.1565,6.1829
2020-04-23,6.07,6.1,6.04,6.07,51640,6.154,6.1721
2020-04-24,6.08,6.1,6.01,6.08,48980,6.153,6.1633
2020-04-27,6.1,6.23,6.07,6.13,30380,6.1545,6.1602
2020-04-28,6.13,6.21,6.07,6.17,20160,6.158,6.1611
2020-04-29,6.18,6.18,6.1,6.16,30600,6.161,6.161
2020-05-04,6.17,6.17,6.07,6.15,19450,6.1635,6.16
2020-05-05,6.15,6.15,5.98,5.98,29720,6.1575,6.1428
2020-05-06,6.04,6.16,6.0,6.04,59090,6.1545,6.133
2020-05-07,6.1,6.19,6.05,6.17,137650,6.1545,6.1365
2020-05-08,6.2,6.22,6.14,6.16,69810,6.154,6.1388
2020-05-11,5.79,6.18,5.79,6.04,61430,6.129,6.1294
2020-05-12,6.04,6.07,5.95,6.04,45910,6.1165,6.1209
2020-05-13,6.09,6.15,6.05,6.11,84110,6.109,6.1198
2020-05-14,6.12,6.14,6.04,6.07,27840,6.1105,6.1151
2020-05-15,6.1,6.11,5.92,5.98,41380,6.103,6.1022
2020-05-18,6.04,6.04,5.92,6.02,14690,6.0955,6.0944
2020-05-19,6.04,6.05,5.98,5.98,63430,6.085,6.0835
2020-05-20,6.03,6.04,5.94,5.98,42090,6.0755,6.0736
2020-05-21,5.98,6.0,5.95,5.98,10930,6.0675,6.0647
2020-05-22,5.98,5.99,5.93,5.98,30630,6.0645,6.0566
2020-05-25,5.97,6.04,5.94,5.99,31880,6.0605,6.0503
2020-05-26,6.01,6.05,5.99,6.01,43520,6.057,6.0465
2020-05-27,6.06,6.06,5.92,6.02,42770,6.0515,6.0439
2020-05-28,6.04,6.04,6.01,6.02,35180,6.044,6.0417
2020-05-29,6.03,6.03,5.98,6.02,4430,6.037,6.0396
2020-06-01,6.02,6.35,5.98,6.35,50270,6.047,6.0692
2020-06-02,6.48,6.54,6.22,6.54,63750,6.075,6.114
2020-06-03,6.54,6.54,6.29,6.35,90170,6.0905,6.1365
2020-06-04,6.35,6.38,6.22,6.35,117620,6.0995,6.1568
2020-06-05,6.35,6.38,6.26,6.35,82460,6.109,6.1752
2020-06-08,6.38,6.57,6.35,6.42,133690,6.128,6.1985
2020-06-09,6.54,6.66,6.29,6.51,218400,6.1515,6.2282
2020-06-10,6.51,6.95,6.35,6.95,379020,6.1935,6.2969
2020-06-11,7.32,7.35,6.98,6.98,377350,6.239,6.362
2020-06-12,6.73,7.13,6.73,7.07,249020,6.2935,6.4294
2020-06-15,7.07,7.1,6.66,6.7,133840,6.3275,6.4552
2020-06-16,6.76,6.95,6.66,6.73,151660,6.365,6.4814
2020-06-17,6.76,6.82,6.57,6.73,210530,6.4025,6.505
2020-06-18,6.7,6.73,6.54,6.7,87770,6.4385,6.5236
2020-06-19,6.7,6.85,6.6,6.82,292020,6.4805,6.5518
2020-06-22,6.85,6.88,6.66,6.85,310510,6.5235,6.5802
2020-06-23,6.85,7.16,6.82,7.16,327400,6.581,6.6354
2020-06-24,7.35,7.38,6.85,6.85,281330,6.6225,6.6559
2020-06-25,6.79,6.98,6.73,6.98,193700,6.6705,6.6868
2020-06-26,7.04,7.1,6.85,6.98,180910,6.7185,6.7147
2020-06-29,6.85,6.85,6.73,6.79,72130,6.7405,6.7219
2020-06-30,6.88,6.91,6.7,6.7,165040,6.7485,6.7198
2020-07-01,6.63,7.13,6.63,7.04,247890,6.783,6.7503
2020-07-02,7.13,7.13,6.85,7.07,189820,6.819,6.7807
2020-07-03,7.1,7.13,7.01,7.07,130510,6.855,6.8083
2020-07-06,7.13,7.13,7.01,7.04,122410,6.886,6.8303
2020-07-07,7.07,7.1,6.98,6.98,138040,6.9095,6.8446
2020-07-08,6.91,7.04,6.91,7.01,122310,6.9125,6.8603
2020-07-09,7.04,7.13,7.04,7.04,153120,6.9155,6.8775
2020-07-10,6.98,7.04,6.82,6.98,163960,6.911,6.8872
2020-07-13,7.01,7.13,6.98,7.01,103680,6.9265,6.8989
2020-07-14,6.98,7.07,6.91,7.04,153380,6.942,6.9124
2020-07-15,7.1,7.16,7.04,7.07,207720,6.959,6.9274
2020-07-16,7.07,7.1,6.95,6.98,221480,6.973,6.9324
2020-07-17,6.98,7.04,6.88,6.98,180240,6.981,6.9369
2020-07-20,6.98,7.04,6.91,6.98,162600,6.9875,6.941
2020-07-21,7.01,7.07,6.85,6.98,119900,6.9785,6.9447
2020-07-22,7.01,7.01,6.85,6.85,100170,6.9785,6.9357
2020-07-23,6.91,6.95,6.7,6.7,98890,6.9645,6.9133
2020-07-24,6.66,6.82,6.45,6.45,109110,6.938,6.8691
2020-07-27,6.26,6.35,6.0,6.35,92830,6.916,6.8197
2020-07-28,6.42,6.79,6.42,6.79,209660,6.9205,6.8169
2020-07-29,6.66,6.66,6.32,6.54,113050,6.8955,6.7905
2020-07-30,6.57,6.66,6.54,6.66,116880,6.875,6.7781
2020-07-31,6.6,6.76,6.38,6.73,157000,6.858,6.7735
2020-08-03,6.66,6.85,6.63,6.73,140520,6.8425,6.7694
2020-08-04,6.79,6.85,6.73,6.76,115090,6.8315,6.7685
2020-08-05,6.76,6.85,6.63,6.85,127820,6.8235,6.7762
2020-08-06,6.85,6.85,6.73,6.79,112020,6.811,6.7775
2020-08-07,6.91,6.91,6.7,6.82,174410,6.803,6.7816
2020-08-10,6.82,7.01,6.79,6.88,155750,6.7965,6.791
2020-08-11,6.95,6.98,6.79,6.82,140840,6.7855,6.7937
2020-08-12,6.85,6.85,6.76,6.79,70260,6.7715,6.7934
2020-08-13,6.82,6.82,6.7,6.82,132850,6.7635,6.7959
2020-08-14,6.85,6.91,6.73,6.88,128600,6.7585,6.8039
2020-08-17,6.91,6.91,6.73,6.82,79750,6.7505,6.8054
2020-08-18,6.79,6.91,6.79,6.85,105820,6.744,6.8097
2020-08-19,6.79,6.85,6.79,6.82,108150,6.7425,6.8107
2020-08-20,6.79,6.85,6.7,6.76,89680,6.7455,6.8058
2020-08-21,6.76,6.85,6.66,6.76,57630,6.761,6.8015
2020-08-24,6.79,6.85,6.7,6.7,103040,6.7785,6.7918
2020-08-25,6.76,6.79,6.66,6.73,104100,6.7755,6.7859
2020-08-26,6.76,6.79,6.66,6.73,52390,6.785,6.7806
2020-08-27,6.73,6.73,6.63,6.73,127990,6.7885,6.7758
2020-08-28,6.7,6.7,6.63,6.7,96480,6.787,6.7686
2020-08-31,6.6,6.7,6.6,6.66,93100,6.7835,6.7582
2020-09-01,6.66,6.79,6.66,6.66,117810,6.7785,6.7489
2020-09-03,6.63,6.7,6.63,6.7,106910,6.771,6.7442
2020-09-04,6.6,6.7,6.48,6.7,102400,6.7665,6.74
2020-09-07,6.66,6.7,6.6,6.7,65260,6.7605,6.7362
2020-09-08,6.63,6.7,6.6,6.66,93590,6.7495,6.7289
2020-09-09,6.51,6.66,6.51,6.66,83350,6.7415,6.7224
2020-09-10,6.57,6.7,6.54,6.66,62430,6.735,6.7164
2020-09-11,6.54,6.63,6.54,6.63,71770,6.7255,6.7082
2020-09-14,6.66,6.66,6.51,6.51,65370,6.707,6.6893
2020-09-15,6.54,6.63,6.51,6.57,110970,6.6945,6.678
2020-09-16,6.6,6.63,6.57,6.57,57840,6.6805,6.6677
2020-09-17,6.6,6.6,6.48,6.48,68100,6.6635,6.6498
2020-09-18,6.54,6.54,6.26,6.48,75320,6.6495,6.6336
2020-09-21,6.54,6.54,6.38,6.51,141470,6.637,6.6219
2020-09-22,6.54,6.54,6.48,6.54,20670,6.629,6.6141
2020-09-23,6.54,6.73,6.51,6.73,113570,6.629,6.6251
2020-09-24,6.66,6.88,6.6,6.79,210540,6.632,6.6408
2020-09-25,6.98,7.26,6.95,7.16,625450,6.6535,6.6903
2020-09-28,7.29,7.35,7.13,7.26,327990,6.6815,6.7445
2020-09-29,7.38,7.41,7.07,7.07,266510,6.702,6.7755
2020-09-30,7.1,7.13,6.95,7.04,208560,6.721,6.8007
2020-10-01,7.04,7.13,6.98,7.1,308630,6.741,6.8292
2020-10-02,7.16,7.16,6.85,6.98,337430,6.755,6.8436
2020-10-05,7.07,7.23,6.95,7.1,417110,6.775,6.868
2020-10-06,7.19,7.23,6.98,7.1,279900,6.797,6.8901
2020-10-07,7.17,7.2,7.07,7.07,220050,6.8175,6.9072
2020-10-08,6.96,7.07,6.96,7.0,177790,6.8345,6.9161
2020-10-09,7.0,7.07,6.96,7.0,180670,6.853,6.9241
2020-10-12,7.0,7.03,6.77,6.79,123840,6.867,6.9113
2020-10-13,6.83,6.83,6.62,6.76,123360,6.8765,6.8969
2020-10-14,6.78,6.8,6.66,6.66,126230,6.881,6.8743
2020-10-15,6.61,6.76,6.57,6.76,173000,6.895,6.8634
2020-10-16,6.77,6.8,6.75,6.77,175570,6.9095,6.8545
2020-10-19,6.76,6.8,6.62,6.66,118980,6.917,6.836
2020-10-20,6.66,6.66,6.64,6.65,74750,6.9225,6.8183
2020-10-21,6.68,6.68,6.57,6.63,37690,6.9175,6.8004
2020-10-22,6.55,6.79,6.55,6.79,130920,6.9175,6.7994
2020-10-23,6.79,6.83,6.79,6.79,197010,6.899,6.7985
2020-10-26,6.76,6.79,6.76,6.77,69780,6.8745,6.7958
2020-10-27,6.46,6.77,6.46,6.73,82060,6.8575,6.7895
2020-10-28,6.73,6.76,6.66,6.66,50220,6.8385,6.7772
2020-10-29,6.38,6.66,6.38,6.6,151740,6.8135,6.7603
2020-10-30,6.62,6.73,6.49,6.62,126160,6.7955,6.7469
2020-11-02,6.76,6.76,6.62,6.62,262800,6.7715,6.7348
2020-11-03,6.69,6.75,6.64,6.64,159640,6.7485,6.7258
2020-11-04,6.64,6.66,6.62,6.63,78850,6.7265,6.7167
2020-11-05,6.59,6.66,6.59,6.64,143180,6.7085,6.7094
2020-11-06,6.59,6.69,6.57,6.68,192790,6.6925,6.7066
2020-11-09,6.68,6.68,6.66,6.68,35930,6.687,6.7041
2020-11-10,6.73,6.75,6.68,6.69,144120,6.6835,6.7027
2020-11-11,6.7,6.7,6.66,6.67,203640,6.684,6.6996
2020-11-12,6.67,6.74,6.67,6.74,258580,6.683,6.7034
2020-11-13,6.75,6.81,6.73,6.81,182890,6.685,6.7136
2020-11-16,6.86,6.93,6.77,6.8,265700,6.692,6.7218
2020-11-17,6.82,6.9,6.79,6.9,224340,6.7045,6.7388
2020-11-18,6.9,6.9,6.83,6.86,158180,6.716,6.7503
2020-11-19,6.86,7.03,6.79,7.03,303740,6.728,6.777
2020-11-20,7.17,7.17,6.96,7.03,170640,6.74,6.8011
2020-11-23,7.03,7.07,6.83,6.9,154900,6.7465,6.8105
2020-11-24,6.93,6.93,6.78,6.83,152510,6.7515,6.8123
2020-11-25,6.9,6.9,6.75,6.79,196220,6.758,6.8102
2020-11-26,6.79,6.79,6.68,6.79,158240,6.7675,6.8083
2020-11-27,6.79,6.9,6.79,6.9,284330,6.7815,6.817
2020-11-30,6.93,7.0,6.9,6.96,218150,6.7985,6.8306
2020-12-01,6.9,7.03,6.9,7.0,240950,6.8165,6.8468
2020-12-02,7.0,7.03,6.93,7.0,261000,6.835,6.8614
2020-12-03,6.9,7.0,6.86,7.0,236830,6.853,6.8746
2020-12-04,7.0,7.1,6.86,7.1,282470,6.874,6.896
2020-12-07,7.1,7.2,7.0,7.2,193980,6.9,6.925
2020-12-08,7.17,7.17,7.03,7.1,299660,6.9205,6.9417
2020-12-09,7.1,7.31,7.1,7.27,361000,6.9505,6.9729
2020-12-10,7.27,7.34,7.17,7.27,241020,6.977,7.0012
2020-12-11,7.34,7.34,7.17,7.27,238550,7.0,7.0268
2020-12-14,7.2,7.31,7.0,7.07,210390,7.0135,7.0309
2020-12-15,7.07,7.1,6.9,7.0,327910,7.0185,7.028
2020-12-16,6.9,7.27,6.9,7.1,364940,7.0305,7.0348
2020-12-17,7.03,7.1,6.93,7.03,220940,7.0305,7.0344
2020-12-18,7.03,7.17,7.03,7.17,299860,7.0375,7.0473
2020-12-21,7.2,7.27,7.13,7.2,286330,7.0525,7.0618
2020-12-22,7.24,7.51,7.1,7.51,524240,7.0865,7.1045
2020-12-23,7.61,7.95,7.54,7.72,515320,7.133,7.1631
2020-12-24,7.75,7.89,7.41,7.65,313110,7.176,7.2095
2020-12-25,7.72,8.16,7.51,8.16,829070,7.239,7.3
2020-12-28,8.3,8.6,8.19,8.6,765440,7.321,7.4238
2020-12-29,8.6,8.6,8.4,8.6,306750,7.401,7.5359
2020-12-30,8.67,8.81,8.67,8.74,433460,7.488,7.6505
2020-12-31,8.81,8.81,8.19,8.53,424650,7.5645,7.7343
2021-01-04,8.6,8.6,7.99,8.26,288100,7.6225,7.7844
2021-01-05,8.23,8.53,8.19,8.43,313400,7.684,7.8458
2021-01-06,8.47,8.53,8.33,8.33,247100,7.7455,7.892
2021-01-07,8.33,8.43,8.19,8.3,257900,7.797,7.9308
2021-01-08,8.33,8.4,8.23,8.36,282900,7.8515,7.9717
2021-01-11,8.4,8.47,8.33,8.43,225400,7.9095,8.0153
2021-01-12,8.5,8.88,8.4,8.84,588000,7.998,8.0939
2021-01-13,8.98,9.01,8.74,8.74,347900,8.085,8.1554
2021-01-14,8.64,8.88,8.57,8.88,386100,8.174,8.2244
2021-01-15,8.88,8.91,8.67,8.71,229400,8.258,8.2707
2021-01-18,8.67,8.67,8.33,8.64,370700,8.3315,8.3058
2021-01-19,8.67,8.71,8.06,8.6,172400,8.4015,8.3339
2021-01-20,8.64,8.64,8.06,8.33,42100,8.4425,8.3335
2021-01-21,8.47,8.53,8.23,8.33,121000,8.473,8.3332
2021-01-22,8.33,8.4,8.19,8.26,63000,8.5035,8.3262
2021-01-25,8.23,8.33,8.16,8.26,161500,8.5085,8.3199
2021-01-26,8.26,8.26,7.85,7.95,98100,8.476,8.2847
2021-01-27,7.92,8.12,7.41,7.51,104500,8.4215,8.2109
2021-01-28,7.17,7.24,7.0,7.0,30900,8.3345,8.0956
2021-01-29,6.83,7.24,6.68,7.1,74800,8.263,8.0007
2021-02-01,7.27,7.27,6.81,7.1,77600,8.205,7.915
2021-02-02,7.1,7.13,6.83,7.13,65800,8.14,7.8402
2021-02-03,7.13,7.17,7.1,7.17,67000,8.082,7.7764
2021-02-04,7.13,7.2,7.03,7.1,103500,8.022,7.712
2021-02-05,7.13,7.2,7.03,7.1,90600,7.959,7.6537
2021-02-08,7.1,7.2,7.0,7.13,44900,7.894,7.6038
2021-02-09,7.1,7.2,7.03,7.17,56900,7.8105,7.5625
2021-02-17,7.27,7.65,7.24,7.65,208900,7.756,7.5708
2021-02-18,7.75,7.82,7.61,7.65,90600,7.6945,7.5784
2021-02-19,7.48,7.68,7.48,7.61,72800,7.6395,7.5814
2021-02-22,7.68,7.68,7.58,7.65,106900,7.59,7.5879
2021-02-23,7.72,7.72,7.61,7.72,101900,7.546,7.6005
2021-02-24,7.82,7.85,7.51,7.61,61600,7.51,7.6014
2021-02-25,7.72,7.75,7.27,7.65,74000,7.476,7.606
2021-02-26,7.65,7.68,7.48,7.68,39000,7.447,7.6131
2021-03-01,7.85,7.85,7.68,7.82,91300,7.425,7.6328
2021-03-02,7.82,7.82,7.61,7.82,137300,7.4185,7.6506
2021-03-03,7.82,8.06,7.58,8.06,230700,7.446,7.6896
2021-03-04,8.12,8.19,7.78,7.82,118900,7.487,7.702
2021-03-05,7.82,7.82,7.61,7.75,47100,7.5195,7.7066
2021-03-08,7.82,8.26,7.78,8.26,313900,7.5775,7.7593
2021-03-09,8.19,8.53,8.19,8.53,187700,7.6475,7.8327
2021-03-10,8.53,8.64,8.36,8.36,143300,7.707,7.8829
2021-03-11,8.36,8.53,8.36,8.43,320600,7.7735,7.935
2021-03-12,8.53,8.53,8.4,8.47,255200,7.842,7.986
2021-03-15,8.47,8.53,8.4,8.43,115100,7.907,8.0283
2021-03-16,8.43,8.53,8.33,8.43,200200,7.97,8.0665
2021-03-17,8.43,8.5,8.33,8.47,92300,8.011,8.1049
2021-03-18,8.5,8.5,8.43,8.43,103600,8.05,8.1359
2021-03-19,8.43,8.43,8.26,8.36,186300,8.0875,8.1572
2021-03-22,8.4,8.6,8.4,8.6,351000,8.135,8.1994
2021-03-23,8.57,8.71,8.43,8.5,295200,8.174,8.228
2021-03-24,8.33,8.4,8.19,8.36,138600,8.2115,8.2406
2021-03-25,8.4,8.53,8.16,8.53,352400,8.2555,8.2682
2021-03-26,8.6,8.6,8.23,8.57,326700,8.3,8.2969
2021-03-29,8.6,8.64,8.43,8.53,241900,8.3355,8.3191
2021-03-30,8.53,8.57,8.4,8.57,333600,8.373,8.343
2021-03-31,8.6,8.71,8.53,8.57,288000,8.3985,8.3646
2021-04-01,8.53,8.57,8.4,8.57,177100,8.436,8.3842
2021-04-02,8.67,8.67,8.5,8.6,376500,8.4785,8.4047
2021-04-05,8.71,9.18,8.57,9.18,783300,8.5245,8.4786
2021-04-06,9.29,9.29,8.94,9.15,389500,8.5555,8.5425
2021-04-07,9.15,9.42,8.94,9.32,554300,8.6035,8.6166
2021-04-08,9.42,9.42,9.11,9.11,314300,8.6375,8.6636
2021-04-09,9.05,9.15,8.98,9.05,352300,8.6665,8.7004
2021-04-12,9.11,9.25,9.05,9.22,371700,8.706,8.7499
2021-04-13,9.29,9.29,9.11,9.11,393400,8.74,8.7842
2021-04-14,8.98,9.66,8.94,9.66,664200,8.7995,8.8676
2021-04-15,9.73,9.9,9.59,9.73,806100,8.8645,8.9497
2021-04-16,9.73,9.8,9.42,9.49,296800,8.921,9.0012
2021-04-19,9.63,9.7,9.35,9.56,624700,8.969,9.0544
2021-04-20,9.52,9.59,9.29,9.42,438200,9.015,9.0892
2021-04-22,9.49,9.56,9.42,9.42,225300,9.068,9.1207
2021-04-23,9.39,9.46,9.18,9.32,326800,9.1075,9.1397
2021-04-26,9.42,9.42,9.22,9.22,220100,9.14,9.1473
2021-04-27,9.25,9.25,9.01,9.05,143300,9.166,9.1381
2021-04-28,9.01,9.25,8.98,9.15,421900,9.195,9.1392
2021-04-29,9.22,9.63,9.22,9.59,512200,9.246,9.1821
2021-05-04,9.46,9.52,9.29,9.52,307000,9.2935,9.2143
2021-05-05,9.52,9.9,9.52,9.83,562300,9.355,9.273
2021-05-06,9.73,10.1,9.7,10.1,732600,9.401,9.3517
2021-05-07,10.04,10.17,9.83,10.0,417500,9.4435,9.4135
2021-05-10,9.9,9.93,9.73,9.73,371400,9.464,9.4436
2021-05-11,9.76,9.83,9.66,9.8,216600,9.4985,9.4775
2021-05-12,9.76,10.48,9.73,10.48,906900,9.57,9.573
2021-05-13,10.48,10.55,10.34,10.38,412600,9.628,9.6499
2021-05-14,10.45,10.58,10.41,10.58,514600,9.7015,9.7385
2021-05-17,10.55,10.62,10.41,10.55,356500,9.746,9.8157
2021-05-18,10.55,10.65,10.38,10.48,263400,9.7835,9.879
2021-05-19,10.48,10.65,10.45,10.55,430400,9.8365,9.9429
2021-05-20,10.48,10.58,10.48,10.55,329200,9.886,10.0007
2021-05-21,10.55,10.72,10.45,10.58,500400,9.944,10.0559
2021-05-24,10.55,10.99,10.55,10.99,538200,10.0225,10.1449
2021-05-25,11.06,11.23,10.99,11.2,500400,10.1165,10.2454
2021-05-26,11.2,11.27,11.06,11.06,360800,10.2085,10.3229
2021-05-27,11.06,11.06,10.45,10.51,186600,10.2815,10.3408
2021-05-28,10.51,10.51,9.8,10.31,382700,10.3395,10.3378
2021-05-31,10.31,10.34,9.97,9.97,149800,10.3585,10.3028
2021-06-01,9.97,10.0,9.7,9.7,80000,10.3675,10.2454
2021-06-02,9.66,9.7,9.56,9.7,118300,10.361,10.1934
2021-06-03,9.76,10.0,9.7,9.87,620100,10.3495,10.1626
2021-06-04,9.9,10.1,9.87,10.04,520600,10.3515,10.151
2021-06-07,10.14,10.38,9.83,9.83,588000,10.3565,10.1204
2021-06-08,9.76,10.14,9.76,9.93,612800,10.363,10.1023
2021-06-09,10.0,10.62,9.76,10.41,813900,10.3595,10.1316
2021-06-10,10.41,10.62,10.34,10.45,677400,10.363,10.1619
2021-06-11,10.45,11.16,10.31,11.16,1092700,10.392,10.257
2021-06-14,11.27,11.74,11.23,11.64,1032200,10.4465,10.3887
2021-06-15,11.64,11.85,11.4,11.54,816700,10.4995,10.4983
2021-06-16,11.5,11.68,11.33,11.54,762800,10.549,10.5975
2021-06-17,11.5,11.85,11.27,11.81,896600,10.612,10.713
2021-06-18,11.95,12.26,11.27,12.08,1272700,10.687,10.8432
2021-06-21,12.15,12.49,12.05,12.49,956000,10.762,11.0
2021-06-22,12.49,12.63,12.36,12.6,939800,10.832,11.1524
2021-06-23,12.63,12.84,12.15,12.19,1004300,10.8885,11.2512
2021-06-24,12.19,12.19,11.54,12.05,1141600,10.9655,11.3273
2021-06-25,11.95,12.26,11.95,12.15,510400,11.0575,11.4057
2021-06-28,12.05,12.49,12.05,12.49,963900,11.1835,11.5089
2021-06-29,12.6,12.73,12.15,12.15,748200,11.306,11.57
2021-06-30,11.68,12.19,11.68,12.05,448800,11.4235,11.6157
2021-07-01,12.02,12.49,12.02,12.12,936000,11.536,11.6637
2021-07-02,12.22,12.49,12.12,12.49,1180300,11.6585,11.7424
2021-07-05,12.53,12.87,12.39,12.56,1167800,11.795,11.8203
2021-07-06,12.53,12.7,12.29,12.43,718600,11.92,11.8784
2021-07-07,12.36,12.43,12.08,12.19,834000,12.009,11.908
2021-07-08,12.12,12.19,11.88,12.05,561700,12.089,11.9216
2021-07-09,12.02,12.05,11.81,12.02,696000,12.132,11.9309
2021-07-12,12.02,12.08,11.85,12.02,314900,12.151,11.9394
2021-07-13,11.95,12.29,11.64,12.26,762800,12.187,11.9699
2021-07-14,12.22,12.7,11.68,12.46,981800,12.233,12.0166
2021-07-15,12.43,13.31,12.29,13.31,1455700,12.308,12.1398
2021-07-16,13.42,14.0,13.31,13.66,812900,12.387,12.2846
2021-07-19,13.79,13.96,12.84,12.84,671100,12.4045,12.3375
2021-07-20,12.56,12.63,11.95,11.95,457700,12.372,12.3006
2021-07-21,11.13,12.08,11.13,12.05,1144700,12.365,12.2767
2021-07-22,12.02,12.87,11.88,12.87,1328700,12.406,12.3332
2021-07-23,12.87,13.25,12.67,12.7,953100,12.4335,12.3681
2021-07-26,12.56,12.56,12.22,12.39,800400,12.4285,12.3702
2021-07-27,12.39,12.39,11.68,12.08,1052700,12.425,12.3426
2021-07-28,12.08,12.63,11.95,12.56,946800,12.4505,12.3633
2021-07-29,12.53,12.77,12.36,12.6,466500,12.4745,12.3858
2021-07-30,12.6,13.18,12.6,13.18,936400,12.509,12.4615
2021-08-02,13.18,13.31,13.04,13.14,522900,12.538,12.5261
2021-08-03,13.14,13.21,13.01,13.01,411400,12.567,12.5722
2021-08-04,13.04,13.25,13.04,13.25,644500,12.62,12.6367
2021-08-05,13.25,13.55,13.25,13.45,842700,12.69,12.7142
2021-08-06,13.45,14.0,13.38,13.79,1122200,12.7785,12.8166
2021-08-09,13.83,14.58,13.69,14.34,1075300,12.8945,12.9617
2021-08-10,14.34,14.61,13.66,13.79,806400,12.971,13.0406
2021-08-11,13.79,13.86,13.69,13.72,400500,13.034,13.1053
2021-08-12,13.76,14.0,13.69,13.96,553700,13.0665,13.1867
2021-08-13,13.79,14.0,13.01,13.01,185700,13.034,13.1699
2021-08-16,12.97,13.89,12.43,13.89,1101600,13.0865,13.2385
2021-08-17,14.0,14.85,13.89,14.85,1581300,13.2315,13.3919
2021-08-18,14.92,15.4,14.82,15.19,1220500,13.3885,13.5632
2021-08-19,15.19,15.23,14.71,14.82,942300,13.486,13.6829
2021-08-20,14.82,15.12,14.82,14.88,780800,13.595,13.7969
2021-08-23,14.88,15.12,14.88,15.12,841000,13.7315,13.9229
2021-08-24,15.09,16.18,15.02,16.18,1826900,13.9365,14.1379
2021-08-25,16.18,17.21,16.18,16.76,1525400,14.1465,14.3876
2021-08-26,16.8,17.24,16.52,16.63,1234600,14.348,14.6012
2021-08-27,16.56,16.86,16.39,16.63,814700,14.5205,14.7944
2021-08-30,16.69,17.41,16.69,17.21,1748700,14.724,15.0244
2021-08-31,17.21,17.41,17.0,17.14,1059700,14.9305,15.2259
2021-09-01,17.1,17.79,16.97,17.75,1788700,15.1555,15.4663
2021-09-06,17.79,17.96,16.52,16.52,915900,15.309,15.5667
2021-09-07,15.4,16.04,15.4,15.4,1631900,15.3895,15.5508
2021-09-08,14.34,15.4,14.34,15.02,2069200,15.4235,15.5002
2021-09-09,15.02,15.09,14.0,14.13,1803900,15.4405,15.3697
2021-09-10,14.0,15.09,14.0,15.09,3088100,15.509,15.3431
2021-09-13,15.09,15.23,14.06,14.34,2229000,15.528,15.2476
2021-09-14,14.03,14.03,13.35,13.35,1783700,15.545,15.0668
2021-09-15,12.9,13.31,12.43,12.9,764400,15.4955,14.8605
2021-09-16,13.07,13.31,12.02,12.97,1592200,15.4015,14.6804
2021-09-17,12.97,12.97,12.08,12.87,1421700,15.2855,14.508
2021-09-20,12.6,12.97,12.29,12.32,304200,15.1605,14.2996
2021-09-21,11.95,12.32,11.54,11.61,475200,14.997,14.0435
2021-09-22,11.61,12.26,11.13,12.08,718600,14.845,13.8565
2021-09-23,12.29,12.36,11.95,12.05,398800,14.6385,13.6844
2021-09-24,11.95,12.02,11.64,11.85,136800,14.393,13.5097
2021-09-27,11.68,11.74,11.13,11.2,186100,14.1215,13.2897
2021-09-28,10.72,11.27,10.58,11.13,155700,13.8465,13.0841
2021-09-29,10.92,11.27,10.79,11.27,100500,13.5495,12.9113
2021-09-30,11.61,11.81,11.4,11.54,131300,13.2695,12.7807
2021-10-01,11.57,11.61,11.06,11.16,82800,12.94,12.6263
2021-10-04,10.99,11.27,10.86,10.92,267500,12.66,12.4638
2021-10-05,11.2,11.68,10.92,11.68,569800,12.474,12.3892
2021-10-06,11.85,12.46,11.85,12.46,829400,12.346,12.3959
2021-10-07,12.46,12.46,11.95,12.08,603000,12.2435,12.3658
2021-10-08,12.02,12.43,11.81,11.85,279400,12.0815,12.3167
2021-10-11,11.85,12.05,11.61,11.74,360500,11.9515,12.2618
2021-10-12,11.74,11.74,11.47,11.61,148900,11.8645,12.1997
2021-10-13,12.15,12.15,11.64,11.78,639400,11.8085,12.1597
2021-10-14,11.78,11.88,11.54,11.68,347800,11.744,12.114
2021-10-15,11.61,11.71,11.5,11.54,159700,11.6775,12.0594
2021-10-18,11.54,11.81,11.54,11.68,535800,11.6455,12.0232
2021-10-19,11.74,12.08,11.61,11.95,728500,11.6625,12.0163
2021-10-20,11.98,12.29,11.81,11.81,810500,11.649,11.9966
2021-10-21,11.88,12.08,11.61,11.61,538800,11.627,11.9598
2021-10-22,12.34,12.38,12.25,12.38,1228400,11.6535,11.9998
2021-10-25,12.63,13.09,12.63,12.75,897400,11.731,12.0713
2021-10-26,12.92,12.92,12.25,12.67,754400,11.808,12.1283
2021-10-27,12.92,13.09,12.67,12.84,1085400,11.8865,12.1961
2021-10-28,12.88,13.71,12.88,13.71,1562500,11.995,12.3403
2021-10-29,14.5,14.67,14.34,14.67,2384200,12.1705,12.5621
2021-11-01,15.5,15.67,14.84,15.5,1853000,12.3995,12.8419
2021-11-02,15.09,15.17,14.59,15.13,824700,12.572,13.0598
2021-11-03,15.0,15.13,14.09,14.09,1532600,12.6535,13.158
2021-11-04,14.21,14.67,13.63,14.34,968700,12.7665,13.2705
2021-11-05,14.42,15.21,14.34,15.0,874500,12.924,13.4352
2021-11-08,14.92,15.13,14.42,14.75,992600,13.0745,13.5605
2021-11-09,14.75,15.17,14.75,15.05,2073200,13.2465,13.7023
2021-11-10,15.05,15.67,15.05,15.42,1254800,13.4285,13.8659
2021-11-11,15.67,15.84,15.34,15.46,1415000,13.6175,14.0177
2021-11-12,15.46,15.84,14.92,15.17,1439800,13.799,14.1275
2021-11-15,15.13,15.42,14.63,15.0,1342400,13.965,14.2106
2021-11-16,15.05,15.09,14.5,14.59,737200,14.097,14.2467
2021-11-17,14.67,15.09,14.63,14.96,755600,14.2545,14.3146
2021-11-18,14.96,15.75,14.96,15.63,2115200,14.4555,14.4399
2021-11-19,16.67,16.67,15.0,15.5,1815700,14.6115,14.5409
2021-11-22,15.5,15.5,14.42,14.42,890400,14.695,14.5294
2021-11-23,13.75,14.59,13.5,14.5,747600,14.7865,14.5266
2021-11-24,15.0,15.25,14.42,14.42,1081000,14.8655,14.5164
2021-11-25,14.42,14.67,13.71,14.59,704600,14.9095,14.5234
2021-11-26,14.3,14.59,14.0,14.17,527600,14.8845,14.4898
2021-11-29,13.67,15.0,13.67,14.92,459400,14.8555,14.5307
2021-11-30,15.17,15.17,14.59,14.75,425800,14.8365,14.5516
2021-12-01,14.59,14.75,14.34,14.5,340100,14.857,14.5467
2021-12-02,14.46,14.92,14.42,14.46,435300,14.863,14.5384
2021-12-03,14.46,14.67,13.84,13.92,551000,14.809,14.4795
2021-12-06,13.92,13.92,12.96,12.96,923400,14.7195,14.3348
2021-12-07,13.25,13.46,12.92,13.46,360100,14.64,14.2515
2021-12-08,13.59,13.67,13.25,13.25,227500,14.5315,14.1561
2021-12-09,13.0,13.5,13.0,13.17,314100,14.417,14.0622
2021-12-10,13.09,14.09,13.09,13.75,510200,14.346,14.0325
2021-12-13,13.67,14.13,13.67,13.92,310700,14.292,14.0218
2021-12-14,14.05,14.05,13.67,13.71,298100,14.248,13.9921
2021-12-15,13.63,13.8,13.59,13.67,237800,14.1835,13.9614
2021-12-16,13.67,13.67,13.42,13.59,197100,14.0815,13.926
2021-12-17,13.46,14.05,13.46,13.88,438600,14.0005,13.9216
2021-12-20,13.92,13.92,13.34,13.55,324300,13.957,13.8862
2021-12-21,13.55,13.67,13.38,13.59,357200,13.9115,13.858
2021-12-22,13.75,14.5,13.38,14.5,1113400,13.9155,13.9192
2021-12-23,14.88,15.09,13.92,14.67,794300,13.9195,13.9907
2021-12-24,14.63,15.13,14.09,14.84,1030400,13.953,14.0716
2021-12-27,14.84,14.84,14.42,14.71,569400,13.9425,14.1324
2021-12-28,14.75,15.55,14.71,15.3,1420500,13.97,14.2436
2021-12-29,15.59,15.59,14.84,14.96,416800,13.993,14.3118
2021-12-30,14.96,15.21,14.92,15.0,409500,14.02,14.3773
2021-12-31,14.92,15.05,14.38,14.38,707300,14.043,14.3776
2022-01-04,14.42,14.84,14.42,14.75,438500,14.1325,14.4131
2022-01-05,14.75,15.34,14.75,15.21,936800,14.22,14.489
2022-01-06,15.0,15.17,14.75,14.75,758900,14.295,14.5138
2022-01-07,15.0,15.42,14.75,15.34,966900,14.4035,14.5925
2022-01-10,15.0,16.38,14.84,16.38,6439000,14.535,14.7627
2022-01-11,16.38,17.05,16.34,16.5,3313300,14.664,14.9282
2022-01-12,15.71,16.17,15.38,15.38,1676300,14.7475,14.9712
2022-01-13,15.0,15.25,14.34,14.34,2741500,14.781,14.9111
2022-01-14,13.34,14.09,13.34,13.67,2159900,14.785,14.7929
2022-01-17,13.75,14.09,12.75,12.75,1071800,14.7285,14.5983
2022-01-18,11.92,12.5,11.88,11.88,1243700,14.645,14.3395
2022-01-19,11.38,11.84,11.09,11.25,1286600,14.528,14.0452
2022-01-20,11.42,12.0,11.38,12.0,395600,14.403,13.8504
2022-01-21,12.42,12.46,11.67,12.09,816800,14.274,13.6828
2022-01-24,12.09,12.09,11.25,11.25,721200,14.0945,13.4511
2022-01-25,10.67,11.29,10.67,11.25,478700,13.9215,13.2415
2022-01-26,11.42,11.5,10.67,11.09,635700,13.711,13.0366
2022-01-27,10.84,11.17,10.75,10.96,362500,13.511,12.8388
2022-01-28,10.96,11.25,10.88,11.21,430100,13.3215,12.6837
2022-02-07,11.54,11.54,11.17,11.54,469700,13.1795,12.5747
2022-02-08,11.67,11.75,11.5,11.63,410100,13.0235,12.4848
2022-02-09,11.75,12.17,11.09,12.0,520900,12.863,12.4386
2022-02-10,12.09,12.21,11.88,11.96,505400,12.7235,12.393
2022-02-11,11.96,12.0,11.84,11.92,415300,12.5525,12.348
2022-02-14,11.79,11.88,11.59,11.59,572400,12.313,12.2758
2022-02-15,11.29,11.79,11.29,11.79,373400,12.0775,12.2295
2022-02-16,11.92,12.09,11.84,12.09,411000,11.913,12.2162
2022-02-17,12.25,12.75,12.04,12.34,765800,11.813,12.228
2022-02-18,12.0,12.34,12.0,12.29,577400,11.744,12.2339
2022-02-21,12.29,12.67,12.13,12.5,667300,11.7315,12.2593
2022-02-22,12.34,12.42,12.13,12.34,563900,11.7545,12.267
2022-02-23,12.38,12.5,12.25,12.29,445000,11.8065,12.2691
2022-02-24,12.17,12.34,11.46,11.84,852700,11.7985,12.2283
2022-02-25,12.09,12.17,11.84,11.92,549800,11.79,12.1989
2022-02-28,11.92,12.09,11.88,12.0,274800,11.8275,12.18
2022-03-01,11.96,12.29,11.92,12.13,631500,11.8715,12.1752
2022-03-02,12.29,12.29,11.88,11.96,516100,11.915,12.1547
2022-03-03,11.96,12.63,11.84,12.5,1080000,11.992,12.1876
2022-03-04,12.5,12.59,12.25,12.42,480000,12.0525,12.2097
2022-03-07,12.34,12.34,12.09,12.21,626800,12.086,12.2098
2022-03-08,12.17,12.17,11.92,12.0,651500,12.1045,12.1898
2022-03-09,11.88,12.0,11.63,11.84,427300,12.0965,12.1565
2022-03-10,11.88,12.17,11.88,12.04,342300,12.1005,12.1454
2022-03-11,12.04,12.09,11.75,11.79,539400,12.094,12.1115
2022-03-14,11.79,12.0,11.46,11.96,613700,12.1125,12.0971
2022-03-15,12.04,12.46,11.84,12.29,940800,12.1375,12.1155
2022-03-16,12.34,12.63,12.21,12.21,571900,12.1435,12.1245
2022-03-17,12.25,12.59,12.17,12.34,762100,12.1435,12.145
2022-03-18,12.34,12.5,12.29,12.34,833800,12.146,12.1636
2022-03-21,12.38,13.17,12.38,13.17,1727000,12.1795,12.2594
2022-03-22,13.42,13.42,12.75,12.79,955500,12.202,12.31
2022-03-23,12.84,12.88,12.5,12.54,885100,12.2145,12.3319
2022-03-24,12.34,12.79,12.34,12.59,701200,12.252,12.3564
2022-03-25,12.67,13.09,12.54,12.84,827900,12.298,12.4025
2022-03-28,12.75,12.96,12.17,12.34,973500,12.315,12.3965
2022-03-29,12.34,12.71,12.34,12.63,524900,12.34,12.4188
2022-03-30,12.38,12.67,12.13,12.21,804800,12.3525,12.3989
2022-03-31,12.25,12.46,12.09,12.21,485300,12.338,12.3809
2022-04-01,12.17,12.71,11.84,12.5,832800,12.342,12.3922
2022-04-04,12.63,12.84,12.29,12.46,531800,12.3545,12.3987
2022-04-05,12.46,12.63,12.34,12.38,534300,12.3735,12.3969
2022-04-06,12.34,12.5,12.17,12.21,581900,12.392,12.3791
2022-04-07,12.21,12.21,11.96,12.13,470000,12.3965,12.3554
2022-04-08,11.96,12.09,11.59,11.71,511600,12.3925,12.2939
2022-04-12,11.59,12.0,11.04,11.17,507900,12.353,12.1869
2022-04-13,11.5,11.5,10.5,11.29,343300,12.303,12.1015
2022-04-14,11.46,11.46,11.09,11.25,265100,12.255,12.0204
2022-04-15,11.25,11.25,10.79,10.79,339100,12.1775,11.9032
2022-04-18,10.79,10.79,10.04,10.04,589000,12.0625,11.7258
2022-04-19,10.09,10.17,9.38,9.38,462500,11.873,11.5023
2022-04-20,9.17,9.5,8.84,8.84,523100,11.6755,11.2488
2022-04-21,8.25,9.29,8.25,8.67,377100,11.482,11.0032
2022-04-22,8.71,9.17,8.59,8.84,293300,11.2945,10.7972
2022-04-25,9.09,9.09,8.22,8.22,557600,11.0635,10.5517
2022-04-26,8.34,8.42,8.0,8.38,377600,10.8655,10.3449
2022-04-27,8.42,8.96,8.34,8.96,340200,10.682,10.213
2022-04-28,8.96,9.17,8.84,8.96,252600,10.5195,10.0937
2022-04-29,8.96,9.59,8.84,9.59,354000,10.3885,10.0457
2022-05-04,9.59,9.67,9.34,9.5,164900,10.2385,9.9937
2022-05-05,9.5,9.67,9.09,9.46,221700,10.0885,9.9429
2022-05-06,9.0,9.34,9.0,9.17,243500,9.928,9.8693
2022-05-09,9.09,9.09,8.54,8.54,774600,9.7445,9.7427
2022-05-10,8.09,8.5,7.95,8.42,358300,9.559,9.6167
2022-05-11,8.42,8.67,8.38,8.59,133000,9.403,9.5189
2022-05-12,8.54,8.54,7.99,7.99,781400,9.244,9.3733
2022-05-13,7.99,8.01,7.43,7.43,390700,9.051,9.1882
2022-05-16,7.94,7.94,7.43,7.57,329500,8.867,9.0341
2022-05-17,7.44,8.09,7.44,8.09,192600,8.732,8.9442
2022-05-18,8.21,8.42,7.92,8.17,242900,8.6385,8.8705
2022-05-19,7.6,8.09,7.6,8.04,149100,8.5715,8.7914
2022-05-20,7.82,8.14,7.82,8.0,182000,8.5295,8.716
2022-05-23,8.0,8.18,7.84,7.92,223800,8.492,8.6402
2022-05-24,7.91,8.09,7.82,7.94,119000,8.447,8.5735
2022-05-25,8.0,8.25,7.93,8.21,161800,8.4465,8.5389
2022-05-26,8.09,8.34,8.09,8.29,297400,8.442,8.5152
2022-05-27,8.19,8.34,8.19,8.32,131600,8.41,8.4966
2022-05-30,8.32,8.46,8.25,8.32,308800,8.378,8.4798
2022-05-31,8.27,8.5,8.27,8.32,366800,8.3145,8.4646
2022-06-01,8.27,8.42,8.09,8.17,243800,8.248,8.4365
2022-06-02,8.33,8.33,7.84,7.96,205400,8.173,8.3911
2022-06-03,7.96,7.99,7.67,7.75,324300,8.102,8.3301
2022-06-06,7.74,7.75,7.6,7.63,227400,8.0565,8.2634
2022-06-07,7.63,7.65,7.19,7.42,208200,8.0065,8.1831
2022-06-08,7.38,7.75,7.38,7.65,383200,7.9595,8.1323
2022-06-09,7.56,7.84,7.56,7.64,126800,7.942,8.0854
2022-06-10,7.64,7.64,7.46,7.49,237400,7.945,8.0287
2022-06-13,7.41,7.41,6.97,6.97,428900,7.915,7.9279
2022-06-14,6.75,6.94,6.74,6.76,203600,7.8485,7.8167
2022-06-15,6.83,6.84,6.32,6.5,422500,7.765,7.6913
2022-06-16,6.53,6.69,6.5,6.51,212700,7.6885,7.5788
2022-06-17,6.27,6.5,6.07,6.08,248200,7.5925,7.436
2022-06-20,5.84,6.15,5.68,5.68,307000,7.4805,7.2688
2022-06-21,5.82,5.99,5.54,5.83,237900,7.375,7.1318
2022-06-22,6.04,6.13,5.85,6.08,131400,7.2685,7.0316
2022-06-23,6.08,6.23,6.08,6.23,127200,7.1655,6.9552
2022-06-24,6.27,6.38,6.18,6.22,239000,7.0605,6.8852
2022-06-27,6.33,6.41,6.23,6.33,114800,6.961,6.8323
2022-06-28,6.58,6.58,6.32,6.33,131800,6.8615,6.7845
2022-06-29,6.25,6.41,6.17,6.25,120600,6.7655,6.7336
2022-06-30,6.25,6.32,6.13,6.13,162500,6.674,6.6761
2022-07-01,6.17,6.17,5.93,6.17,170300,6.595,6.6279
2022-07-04,6.18,6.33,6.18,6.27,58500,6.527,6.5938
2022-07-05,6.25,6.25,6.08,6.13,79300,6.4625,6.5496
2022-07-06,6.13,6.17,5.92,6.0,103000,6.38,6.4973
2022-07-07,6.0,6.07,5.93,6.07,104800,6.3015,6.4566
2022-07-08,6.02,6.24,6.02,6.13,137700,6.2335,6.4255
2022-07-11,6.15,6.28,6.08,6.23,129500,6.1965,6.4069
2022-07-12,6.17,6.58,6.17,6.46,382500,6.1815,6.4119
2022-07-13,6.39,6.67,6.38,6.47,183400,6.18,6.4175
2022-07-14,6.47,6.56,6.29,6.49,169300,6.179,6.4244
2022-07-15,6.49,6.83,6.49,6.64,271000,6.207,6.4449
2022-07-18,6.67,6.84,6.67,6.84,156300,6.265,6.4825
2022-07-19,6.83,7.04,6.79,6.89,142700,6.318,6.5213
2022-07-20,6.92,7.04,6.84,6.9,382300,6.359,6.5574
2022-07-21,6.84,6.89,6.82,6.83,122300,6.389,6.5834
2022-07-22,6.84,6.85,6.79,6.84,128800,6.42,6.6078
2022-07-25,6.75,6.83,6.61,6.79,155100,6.443,6.6252
2022-07-26,6.79,6.79,6.59,6.73,95900,6.463,6.6351
2022-07-27,6.73,6.73,6.64,6.64,131300,6.4825,6.6356
2022-07-28,6.75,6.84,6.69,6.79,172100,6.5155,6.6503
2022-07-29,6.83,6.89,6.79,6.83,176300,6.5485,6.6674
2022-08-01,6.84,6.92,6.83,6.89,157100,6.5795,6.6886
2022-08-02,6.88,7.17,6.88,7.04,351000,6.625,6.7221
2022-08-03,6.95,7.09,6.95,7.04,108300,6.677,6.7524
2022-08-04,7.13,7.22,7.0,7.04,178900,6.7255,6.7798
2022-08-05,7.0,7.04,6.85,7.03,146200,6.7705,6.8036
2022-08-08,6.97,7.09,6.97,7.04,127900,6.811,6.8261
2022-08-09,7.04,7.24,7.04,7.15,218600,6.8455,6.857
2022-08-10,7.17,7.38,7.17,7.32,309500,6.888,6.9011
2022-08-11,7.35,7.4,7.13,7.13,200300,6.92,6.9229
2022-08-12,7.13,7.16,7.04,7.15,153600,6.9455,6.9445
2022-08-15,7.29,7.33,7.17,7.24,227800,6.9655,6.9726
2022-08-16,7.21,7.29,7.19,7.28,161500,6.985,7.0019
2022-08-17,7.25,7.34,7.21,7.25,192800,7.0025,7.0255
2022-08-18,7.17,7.26,7.17,7.25,210700,7.0235,7.0469
2022-08-19,7.17,7.26,7.17,7.19,288200,7.041,7.0605
2022-08-22,7.19,7.21,7.06,7.14,421000,7.0585,7.0681
2022-08-23,7.02,7.24,7.02,7.21,220300,7.0825,7.0816
2022-08-24,7.21,7.5,7.21,7.49,547500,7.125,7.1205
2022-08-25,7.49,7.57,7.44,7.49,153800,7.16,7.1557
2022-08-26,7.49,7.5,7.27,7.27,296500,7.182,7.1666
2022-08-29,7.07,7.19,6.92,7.08,407000,7.1915,7.1583
2022-08-30,7.09,7.25,7.09,7.13,193100,7.196,7.1556
2022-08-31,7.04,7.17,6.99,7.13,216200,7.2005,7.1532
2022-09-05,7.13,7.23,7.05,7.06,252700,7.2015,7.1443
2022-09-06,7.01,7.17,7.01,7.08,223400,7.204,7.1382
2022-09-07,7.08,7.13,6.99,6.99,179900,7.2015,7.1241
2022-09-08,7.01,7.09,6.89,6.92,200900,7.19,7.1046
2022-09-09,6.92,7.04,6.84,6.99,440400,7.1735,7.0937
2022-09-12,7.09,7.46,7.09,7.42,573865,7.188,7.1248
2022-09-13,7.46,7.49,7.3,7.39,484100,7.2,7.1501
2022-09-14,7.11,7.41,7.11,7.34,318400,7.205,7.1681
2022-09-15,7.37,7.42,7.29,7.29,325400,7.2055,7.1798
2022-09-16,7.14,7.38,7.14,7.24,215300,7.205,7.1855
2022-09-19,7.25,7.29,7.15,7.18,295100,7.2015,7.185
2022-09-20,7.26,7.44,7.2,7.25,419100,7.2045,7.1912
2022-09-21,7.25,7.45,7.2,7.33,266200,7.214,7.2044
2022-09-22,7.21,7.33,7.11,7.18,205500,7.2125,7.2021
2022-09-23,7.19,7.41,7.19,7.21,351400,7.1985,7.2028
2022-09-26,7.22,7.22,6.71,6.71,401000,7.1595,7.1559
2022-09-27,6.7,6.74,6.61,6.72,371000,7.132,7.1144
2022-09-28,6.7,6.84,6.53,6.66,165709,7.111,7.0711
2022-09-29,6.66,6.72,6.56,6.65,147727,7.087,7.031
2022-09-30,6.27,6.61,6.27,6.52,406364,7.0565,6.9823
2022-10-03,6.51,6.51,6.07,6.07,402314,7.007,6.8954
2022-10-04,6.08,6.33,6.07,6.08,244650,6.957,6.8178
2022-10-05,6.16,6.38,6.16,6.38,235438,6.9265,6.7761
2022-10-06,6.38,6.43,6.02,6.02,182322,6.8815,6.7041
2022-10-07,6.02,6.05,5.74,5.88,205402,6.826,6.6256
2022-10-10,5.73,5.97,5.55,5.95,132370,6.7525,6.5613
2022-10-11,5.73,5.88,5.58,5.88,92294,6.677,6.4964
2022-10-12,5.65,5.95,5.65,5.92,135330,6.606,6.4415
2022-10-13,5.92,6.01,5.53,5.82,295005,6.5325,6.3823
2022-10-14,5.83,5.96,5.78,5.84,77922,6.4625,6.3306
2022-10-17,5.84,5.95,5.53,5.95,47133,6.401,6.2944
2022-10-18,5.96,5.96,5.83,5.9,89700,6.3335,6.2568
2022-10-19,5.88,5.97,5.84,5.91,36321,6.2625,6.2238
2022-10-20,5.91,5.93,5.65,5.88,67905,6.1975,6.1911
2022-10-21,5.92,5.92,5.6,5.78,117208,6.126,6.1519
2022-10-24,5.69,5.78,5.38,5.42,166688,6.0615,6.0822
2022-10-25,5.42,5.55,5.05,5.55,226658,6.003,6.0315
2022-10-26,5.51,5.69,5.51,5.6,152810,5.95,5.9904
2022-10-27,5.6,5.99,5.53,5.98,219594,5.9165,5.9894
2022-10-28,5.97,5.97,5.88,5.93,37672,5.887,5.9838
2022-10-31,5.97,5.97,5.67,5.89,45827,5.878,5.9748
2022-11-01,5.89,6.14,5.84,5.97,123793,5.8725,5.9744
2022-11-02,5.97,5.97,5.89,5.97,48890,5.852,5.974
2022-11-03,5.78,5.88,5.73,5.84,64415,5.843,5.9612
2022-11-04,5.84,5.84,5.58,5.59,24600,5.8285,5.9258
2022-11-07,5.6,5.61,5.23,5.23,128290,5.7925,5.8596
2022-11-08,4.96,5.32,4.91,5.14,163850,5.7555,5.791
2022-11-09,5.15,5.5,5.15,5.45,122840,5.732,5.7586
2022-11-10,5.14,5.43,5.08,5.08,52564,5.695,5.6939
2022-11-11,5.14,5.36,4.82,5.14,448900,5.66,5.6412
2022-11-14,5.09,5.09,4.78,4.88,224000,5.6065,5.5687
2022-11-15,4.55,4.96,4.54,4.54,115866,5.5385,5.4707
2022-11-16,4.23,4.86,4.23,4.84,335881,5.485,5.4107
2022-11-17,4.96,5.05,4.81,4.87,251323,5.4345,5.3592
2022-11-18,5.02,5.02,4.87,5.0,370949,5.3955,5.325
2022-11-21,5.32,5.32,4.79,5.05,56418,5.377,5.2988
2022-11-22,5.14,5.32,5.05,5.32,160499,5.3655,5.3008
2022-11-23,5.19,5.31,5.14,5.18,86416,5.3445,5.2893
2022-11-24,5.18,5.19,5.06,5.19,181700,5.305,5.2798
2022-11-25,5.19,5.32,5.14,5.28,162000,5.2725,5.2798
2022-11-28,5.32,5.65,5.28,5.65,347291,5.2605,5.3151
2022-11-29,5.99,5.99,5.51,5.51,146488,5.2375,5.3337
2022-11-30,5.6,5.64,5.51,5.59,145650,5.2185,5.3581
2022-12-01,5.59,5.78,5.59,5.59,130629,5.206,5.3802
2022-12-02,5.67,5.67,5.42,5.6,117402,5.2065,5.4011
2022-12-05,5.68,5.78,5.61,5.78,186281,5.234,5.4372
2022-12-06,5.65,5.79,5.6,5.6,133764,5.257,5.4527
2022-12-07,5.51,5.65,5.32,5.46,174020,5.2575,5.4534
2022-12-08,5.51,5.62,5.51,5.51,119858,5.279,5.4588
2022-12-09,5.46,5.89,5.42,5.89,599856,5.3165,5.4998
2022-12-12,6.3,6.3,6.29,6.3,330390,5.3875,5.5761
2022-12-13,6.38,6.38,5.88,6.07,266000,5.464,5.6231
2022-12-14,6.11,6.26,5.97,6.11,219986,5.5275,5.6695
2022-12-15,6.11,6.12,5.86,5.99,198100,5.5835,5.7
2022-12-16,5.7,6.3,5.7,5.88,292134,5.6275,5.7171
2022-12-19,5.74,5.88,5.65,5.65,378800,5.6575,5.7107
2022-12-20,5.6,5.65,5.26,5.28,487009,5.6555,5.6697
2022-12-21,5.02,5.37,5.02,5.19,331700,5.656,5.624
2022-12-22,5.4,5.4,5.09,5.19,232940,5.656,5.5827
2022-12-23,5.19,5.4,5.19,5.32,229000,5.658,5.5577
2022-12-26,5.32,5.4,5.05,5.14,293900,5.6325,5.5179
2022-12-27,5.14,5.19,5.14,5.15,223700,5.6145,5.4829
2022-12-28,5.15,5.28,5.15,5.28,173769,5.599,5.4635
2022-12-29,5.28,5.41,5.28,5.28,52335,5.5835,5.4461
2022-12-30,5.36,5.36,5.28,5.31,17800,5.569,5.4331
2023-01-03,5.32,5.54,5.32,5.49,262535,5.5545,5.4385
2023-01-04,5.49,5.59,5.49,5.54,305950,5.5515,5.4482
2023-01-05,5.54,5.74,5.42,5.73,339940,5.565,5.475
2023-01-06,5.73,5.78,5.55,5.55,191000,5.567,5.4822
2023-01-09,5.55,5.6,5.51,5.55,185500,5.55,5.4886
2023-01-10,5.32,5.57,5.32,5.54,125200,5.512,5.4935
2023-01-11,5.54,5.61,5.51,5.55,218009,5.486,5.4989
2023-01-12,5.55,5.6,5.51,5.51,153100,5.456,5.5
2023-01-13,5.51,5.62,5.47,5.51,81523,5.432,5.5009
2023-01-16,5.51,5.59,5.51,5.54,120931,5.415,5.5046
2023-01-17,5.55,5.69,5.54,5.69,212932,5.417,5.5223
2023-01-18,5.69,5.75,5.65,5.72,126015,5.439,5.5411
2023-01-19,5.88,5.88,5.6,5.74,30303,5.4665,5.5601
2023-01-27,5.74,5.81,5.74,5.77,285148,5.4955,5.5801
2023-01-30,5.78,5.92,5.78,5.81,254750,5.52,5.602
2023-01-31,5.81,5.83,5.75,5.82,196700,5.554,5.6227
2023-02-01,5.82,5.89,5.75,5.82,283998,5.5875,5.6415
2023-02-02,5.83,5.83,5.67,5.77,180900,5.612,5.6537
2023-02-03,5.77,5.78,5.69,5.75,159405,5.6355,5.6629
2023-02-06,5.75,5.77,5.6,5.69,128011,5.6545,5.6655
2023-02-07,5.69,5.78,5.65,5.69,165432,5.6645,5.6678
2023-02-08,5.69,5.74,5.56,5.56,194900,5.6655,5.6576
2023-02-09,5.6,5.74,5.55,5.74,126620,5.666,5.6654
2023-02-10,5.74,5.74,5.55,5.69,40800,5.673,5.6678
2023-02-13,5.68,5.69,5.4,5.57,83000,5.674,5.6584
2023-02-14,5.65,5.65,5.43,5.51,32580,5.6725,5.6443
2023-02-15,5.51,5.6,5.5,5.6,45570,5.675,5.6401
2023-02-16,5.61,5.65,5.47,5.62,129340,5.6805,5.6382
2023-02-17,5.62,5.65,5.55,5.58,107361,5.684,5.6326
2023-02-20,5.58,5.65,5.58,5.65,235100,5.6895,5.6343
2023-02-21,5.65,5.69,5.65,5.68,89623,5.689,5.6386
2023-02-22,5.69,5.69,5.56,5.56,43100,5.681,5.6312
2023-02-23,5.56,5.56,5.32,5.56,110401,5.672,5.6244
2023-02-24,5.6,5.6,5.42,5.51,25100,5.659,5.6135
2023-02-27,5.51,5.51,5.32,5.34,11606,5.6355,5.5874
2023-02-28,5.32,5.42,5.0,5.39,119000,5.614,5.5686
2023-03-01,5.39,5.39,5.32,5.39,59120,5.5925,5.5516
2023-03-02,5.39,5.42,5.37,5.41,51010,5.5745,5.5381
2023-03-03,5.51,5.51,5.32,5.37,19080,5.5555,5.5221
2023-03-06,5.42,5.51,5.42,5.42,46064,5.542,5.5124
2023-03-07,5.42,5.49,5.32,5.34,85532,5.5245,5.496
2023-03-08,5.4,5.41,5.32,5.4,20700,5.5165,5.4868
2023-03-09,5.49,5.49,5.37,5.45,126775,5.502,5.4833
2023-03-10,5.45,5.45,5.34,5.44,23005,5.4895,5.4792
2023-03-13,5.44,5.44,5.33,5.42,9538,5.482,5.4736
2023-03-14,5.35,5.35,5.2,5.23,59200,5.468,5.4504
2023-03-15,5.34,5.37,5.24,5.32,83218,5.454,5.4379
2023-03-16,5.23,5.32,5.23,5.32,27100,5.439,5.4267
2023-03-17,5.21,5.31,5.2,5.3,31300,5.425,5.4146
2023-03-20,5.2,5.3,5.19,5.19,16003,5.402,5.3933
2023-03-21,5.14,5.17,5.11,5.14,93700,5.375,5.3691
2023-03-22,5.16,5.16,5.14,5.14,76807,5.354,5.3473
2023-03-23,5.1,5.17,5.07,5.17,74100,5.3345,5.3304
2023-03-24,5.17,5.23,5.17,5.17,37340,5.3175,5.3151
2023-03-27,5.33,5.33,5.17,5.27,11900,5.314,5.3108
2023-03-28,5.27,5.32,5.27,5.28,46356,5.3085,5.3079
2023-03-29,5.26,5.28,5.26,5.28,3389,5.303,5.3053
2023-03-30,5.19,5.32,5.16,5.28,48610,5.2965,5.3028
2023-03-31,5.2,5.27,5.14,5.27,22837,5.2915,5.2997
2023-04-03,5.27,5.33,5.23,5.31,85400,5.286,5.3007
2023-04-04,5.32,5.36,5.28,5.34,57090,5.286,5.3044
2023-04-05,5.34,5.39,5.32,5.39,25580,5.2855,5.3126
2023-04-06,5.42,5.55,5.28,5.46,144143,5.286,5.3266
2023-04-07,5.29,5.32,5.23,5.27,89340,5.2775,5.3212
2023-04-10,5.27,5.32,5.27,5.29,31640,5.271,5.3183
2023-04-11,5.23,5.28,5.14,5.28,43205,5.2735,5.3146
2023-04-12,5.35,5.38,5.3,5.31,67003,5.273,5.3142
2023-04-13,5.3,5.32,5.28,5.28,37995,5.271,5.3109
2023-04-14,5.28,5.51,5.28,5.29,48422,5.2705,5.3089
2023-04-17,5.24,5.32,5.24,5.32,31914,5.277,5.31
2023-04-18,5.32,5.42,5.25,5.34,40410,5.287,5.3128
2023-04-19,5.34,5.35,5.25,5.34,13300,5.297,5.3154
2023-04-20,5.34,5.34,5.25,5.34,21900,5.3055,5.3178
2023-04-21,5.34,5.34,5.28,5.34,19288,5.314,5.3199
2023-04-24,5.34,5.34,5.27,5.32,27802,5.3165,5.3199
2023-04-25,5.29,5.32,5.28,5.28,27000,5.3165,5.3161
2023-04-26,5.28,5.32,5.23,5.32,20457,5.3185,5.3165
2023-04-27,5.32,5.33,5.26,5.32,23100,5.3205,5.3168
2023-04-28,5.26,5.32,5.23,5.32,44015,5.323,5.3171
2023-05-04,5.33,5.34,5.29,5.32,18433,5.3235,5.3174
2023-05-05,5.32,5.33,5.23,5.31,40200,5.322,5.3167
2023-05-08,5.27,5.32,5.19,5.21,43130,5.313,5.3065
2023-05-09,5.22,5.26,5.19,5.2,59781,5.3,5.2964
2023-05-10,5.23,5.32,5.23,5.29,88864,5.301,5.2958
2023-05-11,5.32,5.55,5.3,5.42,212010,5.3075,5.3076
2023-05-12,5.54,5.54,5.43,5.48,114740,5.3175,5.324
2023-05-15,5.51,5.57,5.48,5.5,86500,5.327,5.3408
2023-05-16,5.5,5.51,5.4,5.4,112010,5.333,5.3464
2023-05-17,5.4,5.44,5.39,5.42,46650,5.3395,5.3534
2023-05-18,5.38,5.43,5.38,5.41,24101,5.344,5.3588
2023-05-19,5.41,5.41,5.23,5.38,50101,5.346,5.3608
2023-05-22,5.32,5.47,5.32,5.44,66850,5.351,5.3684
2023-05-23,5.44,5.5,5.42,5.43,73600,5.3555,5.3742
2023-05-24,5.34,5.47,5.34,5.43,21141,5.36,5.3796
2023-05-25,5.46,5.46,5.38,5.42,39400,5.365,5.3834
2023-05-26,5.38,5.43,5.37,5.38,67752,5.37,5.3831
2023-05-29,5.42,5.62,5.42,5.6,194190,5.384,5.4037
2023-05-30,5.62,5.8,5.62,5.74,162149,5.405,5.4358
2023-05-31,5.88,5.88,5.69,5.76,143103,5.427,5.4666
2023-06-01,5.83,5.88,5.76,5.83,142546,5.4525,5.5012
2023-06-02,5.86,5.86,5.74,5.8,100780,5.477,5.5297
2023-06-05,5.8,5.8,5.69,5.74,116350,5.5035,5.5497
2023-06-06,5.79,5.79,5.65,5.78,116356,5.5325,5.5717
2023-06-07,5.71,5.81,5.71,5.78,77587,5.557,5.5915
2023-06-08,5.78,6.19,5.77,6.19,717963,5.5955,5.6485
2023-06-09,6.3,6.37,6.21,6.22,206543,5.6325,5.7029
2023-06-12,6.03,6.66,6.03,6.61,698503,5.688,5.7893
2023-06-13,6.75,7.07,6.74,7.07,1305612,5.7715,5.9113
2023-06-14,7.53,7.53,6.66,6.79,577821,5.84,5.995
2023-06-15,6.71,6.98,6.66,6.88,280830,5.9135,6.0793
2023-06-16,7.02,7.1,6.7,6.79,209961,5.984,6.147
2023-06-19,6.79,6.93,6.52,6.7,281670,6.047,6.1996
2023-06-20,6.84,6.84,6.59,6.73,66820,6.112,6.2501
2023-06-21,6.79,6.98,6.61,6.98,368487,6.1895,6.3196
2023-06-22,7.11,7.11,6.89,6.93,458081,6.265,6.3778
2023-06-23,6.93,7.06,6.77,6.79,278322,6.3355,6.417
2023-06-26,6.79,6.79,6.33,6.33,603476,6.372,6.4087
2023-06-27,6.33,6.43,6.32,6.4,352384,6.405,6.4079
2023-06-28,6.39,6.43,6.24,6.33,145001,6.4335,6.4005
2023-06-29,6.42,6.55,6.24,6.24,324601,6.454,6.3852
2023-06-30,6.24,6.43,6.24,6.25,120202,6.4765,6.3723
2023-07-03,6.26,6.43,6.26,6.32,101616,6.5055,6.3673
2023-07-04,6.35,6.43,6.33,6.39,180620,6.536,6.3695
2023-07-05,6.44,6.5,6.39,6.39,234952,6.5665,6.3715
2023-07-06,6.46,6.46,6.28,6.3,146317,6.572,6.3647
2023-07-07,6.3,6.7,6.24,6.66,682515,6.594,6.3928
2023-07-10,6.84,6.87,6.69,6.74,289245,6.6005,6.4258
2023-07-11,6.88,6.88,6.72,6.76,400450,6.585,6.4577
2023-07-12,6.78,6.85,6.61,6.63,207576,6.577,6.4741
2023-07-13,6.77,6.77,6.61,6.73,197940,6.5695,6.4985
2023-07-14,6.78,6.95,6.74,6.88,555264,6.574,6.5348
2023-07-17,6.88,7.33,6.88,7.11,399000,6.5945,6.5896
2023-07-18,7.11,7.34,6.95,7.18,414239,6.617,6.6458
2023-07-19,7.21,7.62,7.21,7.49,631042,6.6425,6.7262
2023-07-20,7.44,7.53,7.25,7.4,412434,6.666,6.7904
2023-07-21,7.34,7.43,7.24,7.25,315900,6.689,6.8342
2023-07-24,7.42,7.76,7.26,7.76,482508,6.7605,6.9223
2023-07-25,8.3,8.3,8.17,8.3,2632612,6.8555,7.0535
2023-07-26,8.35,8.35,8.06,8.22,933788,6.95,7.1646
2023-07-27,8.26,8.79,8.26,8.79,1962145,7.0775,7.3194
2023-07-28,9.0,9.01,8.18,8.42,1502951,7.186,7.4242
2023-07-31,8.36,8.72,8.36,8.63,704843,7.3015,7.5391
2023-08-01,8.67,9.23,8.56,9.23,2861580,7.4435,7.7001
2023-08-02,9.87,9.87,9.82,9.87,1992298,7.6175,7.9068
2023-08-03,10.1,10.42,9.59,9.82,2171579,7.7935,8.089
2023-08-04,10.1,10.1,9.64,9.91,922314,7.956,8.2624
2023-08-07,9.91,9.91,9.36,9.46,1726994,8.092,8.3765
2023-08-08,9.46,9.82,9.46,9.59,850597,8.2335,8.492
2023-08-09,9.78,10.24,9.59,10.14,1521378,8.409,8.649
2023-08-10,10.14,10.19,9.73,9.73,930536,8.559,8.7519
2023-08-11,9.64,9.91,9.46,9.82,632623,8.706,8.8537
2023-08-14,10.19,10.28,10.01,10.14,1099348,8.8575,8.9762
2023-08-15,10.14,10.33,9.73,9.91,793496,8.994,9.0651
2023-08-16,9.91,10.1,9.55,9.68,1018658,9.1035,9.1237
2023-08-17,9.73,10.14,9.46,9.87,956238,9.227,9.1947
2023-08-18,9.55,10.05,9.18,9.18,1206666,9.3235,9.1933
2023-08-21,9.09,9.23,8.55,9.23,1082164,9.397,9.1968
2023-08-22,9.23,9.55,8.72,9.32,570126,9.448,9.2086
2023-08-23,9.64,9.73,9.18,9.46,667633,9.51,9.2325
2023-08-24,9.59,9.78,9.5,9.73,801637,9.557,9.2799
2023-08-25,10.37,10.37,9.82,9.91,2659029,9.6315,9.3399
2023-08-28,9.87,9.87,9.41,9.68,965097,9.684,9.3723
2023-08-29,9.41,9.87,9.41,9.41,1105122,9.693,9.3759
2023-08-30,9.55,9.55,9.27,9.41,924668,9.67,9.3791
2023-08-31,9.36,9.78,9.23,9.41,1076898,9.6495,9.3821
2023-09-05,9.64,9.64,9.32,9.36,1208669,9.622,9.38
2023-09-06,9.46,9.46,9.11,9.12,1477526,9.605,9.3552
2023-09-07,9.12,9.46,9.12,9.18,1007560,9.5845,9.3385
2023-09-08,9.36,9.36,9.11,9.14,641199,9.5345,9.3196
2023-09-11,9.27,9.27,8.54,8.54,1079948,9.475,9.2454
2023-09-12,8.58,9.0,8.57,8.72,515883,9.42,9.1953
2023-09-13,9.0,9.13,8.72,8.86,509106,9.356,9.1634
2023-09-14,8.87,8.9,8.45,8.45,381279,9.283,9.0955
2023-09-15,8.45,8.71,8.22,8.22,567226,9.21,9.0121
2023-09-18,8.17,8.22,7.93,7.97,553824,9.115,8.9128
2023-09-19,7.98,8.08,7.84,8.08,384361,9.06,8.8335
2023-09-20,8.17,8.62,8.08,8.5,333598,9.0235,8.8018
2023-09-21,8.52,8.57,8.4,8.45,253111,8.98,8.7683
2023-09-22,8.17,8.26,7.86,7.89,620666,8.9015,8.6846
2023-09-25,7.89,7.97,7.34,7.34,464163,8.782,8.5566
2023-09-26,7.68,7.68,7.16,7.25,345800,8.649,8.4321
2023-09-27,7.34,7.34,6.93,7.24,223140,8.527,8.3186
2023-09-28,7.34,7.35,7.16,7.21,130384,8.417,8.213
2023-09-29,7.43,7.43,7.19,7.21,124945,8.307,8.1175
2023-10-02,7.25,7.52,7.25,7.44,147866,8.2085,8.053
2023-10-03,7.38,7.38,6.92,6.98,329750,8.0895,7.9508
2023-10-04,6.98,7.09,6.88,6.99,182600,7.983,7.8593
2023-10-05,7.27,7.27,6.98,6.98,85700,7.873,7.7755
2023-10-06,6.99,7.11,6.93,7.0,100200,7.766,7.7017
2023-10-09,7.0,7.11,6.97,7.0,146400,7.689,7.6348
2023-10-10,7.07,7.16,7.06,7.13,169512,7.6095,7.5868
2023-10-11,7.13,7.55,7.13,7.46,341825,7.5395,7.5747
2023-10-12,7.46,7.61,7.37,7.44,251221,7.489,7.5619
2023-10-13,7.23,7.44,7.21,7.34,186501,7.445,7.5407
2023-10-16,7.4,7.44,7.16,7.16,234503,7.4045,7.5045
2023-10-17,7.17,7.25,7.06,7.06,124955,7.3535,7.4621
2023-10-18,7.05,7.05,6.57,6.61,373653,7.259,7.381
2023-10-19,6.61,6.62,6.25,6.33,189427,7.153,7.2809
2023-10-20,6.43,6.43,6.24,6.38,172403,7.0775,7.1951
2023-10-23,6.38,6.47,6.26,6.28,79704,7.0245,7.1079
2023-10-24,6.28,6.41,6.24,6.29,93829,6.9765,7.03
2023-10-25,6.3,6.38,6.3,6.33,127301,6.931,6.9634
2023-10-26,6.21,6.25,5.89,5.89,423371,6.865,6.8611
2023-10-27,5.89,6.09,5.69,5.92,200180,6.8005,6.7715
2023-10-30,6.08,6.08,5.84,5.89,85158,6.723,6.6876
2023-10-31,5.87,5.91,5.55,5.55,104685,6.6515,6.5792
2023-11-01,5.55,5.9,5.38,5.55,83479,6.5795,6.4812
2023-11-02,5.63,5.94,5.58,5.94,285916,6.5275,6.4297
2023-11-03,6.23,6.23,5.99,6.06,115044,6.4805,6.3945
2023-11-06,6.06,6.24,5.98,6.02,95928,6.4315,6.3588
2023-11-07,6.02,6.2,5.95,6.15,266016,6.3825,6.3389
2023-11-08,6.15,6.43,6.11,6.42,155113,6.3305,6.3466
2023-11-09,6.64,6.64,6.35,6.43,265578,6.28,6.3546
2023-11-10,6.43,6.47,6.33,6.35,174577,6.2305,6.3541
2023-11-13,6.36,6.41,6.17,6.25,133403,6.185,6.3442
2023-11-14,6.33,6.38,6.26,6.26,122211,6.145,6.3362
2023-11-15,6.33,6.56,6.33,6.33,271369,6.131,6.3356
2023-11-16,6.34,6.44,6.33,6.38,113704,6.1335,6.3398
2023-11-17,6.36,6.55,6.29,6.29,197012,6.129,6.3351
2023-11-20,6.27,6.27,5.92,6.23,125000,6.1265,6.3251
2023-11-21,6.29,6.42,6.26,6.37,68515,6.1305,6.3294
2023-11-22,6.33,6.51,6.33,6.4,229256,6.134,6.3361
2023-11-23,6.4,6.44,6.37,6.37,108300,6.158,6.3393
2023-11-24,6.32,6.42,6.16,6.22,127355,6.173,6.328
2023-11-27,6.22,6.29,6.16,6.16,78600,6.1865,6.312
2023-11-28,6.2,6.2,6.1,6.19,63603,6.2185,6.3003
2023-11-29,6.19,6.33,6.19,6.21,44913,6.2515,6.2917
2023-11-30,6.16,6.23,6.16,6.17,115700,6.263,6.2801
2023-12-01,6.17,6.22,6.15,6.18,64020,6.269,6.2706
2023-12-04,6.26,6.37,6.24,6.33,169385,6.2845,6.2763
2023-12-05,6.33,6.56,6.33,6.56,404392,6.305,6.3033
2023-12-06,6.66,6.74,6.62,6.7,183586,6.319,6.3411
2023-12-07,6.74,6.77,6.43,6.59,232700,6.327,6.3648
2023-12-08,6.66,6.66,6.49,6.54,162734,6.3365,6.3815
2023-12-11,6.53,6.55,6.47,6.47,110160,6.3475,6.3899
2023-12-12,6.48,6.55,6.48,6.55,66083,6.362,6.4051
2023-12-13,6.55,6.63,6.44,6.45,175675,6.368,6.4094
2023-12-14,6.55,6.56,6.44,6.5,115004,6.374,6.418
2023-12-15,6.55,6.55,6.33,6.36,163182,6.3775,6.4125
2023-12-18,6.51,6.51,6.21,6.22,144034,6.377,6.3942
2023-12-19,6.16,6.33,6.14,6.24,79744,6.3705,6.3795
2023-12-20,6.18,6.41,6.18,6.24,104422,6.3625,6.3662
2023-12-21,6.24,6.31,6.24,6.31,21100,6.3595,6.3609
2023-12-22,6.31,6.33,6.24,6.24,47010,6.3605,6.3493
2023-12-25,6.24,6.41,6.24,6.33,136600,6.369,6.3475
2023-12-26,6.38,6.4,6.34,6.34,124142,6.3765,6.3468
2023-12-27,6.39,6.41,6.35,6.36,90304,6.384,6.348
2023-12-28,6.43,6.45,6.37,6.45,144413,6.398,6.3578
2023-12-29,6.45,6.45,6.37,6.37,88500,6.4075,6.3589
2024-01-02,6.43,6.44,6.37,6.37,70304,6.4095,6.36
2024-01-03,6.38,6.56,6.35,6.54,244427,6.4085,6.3771
2024-01-04,6.54,6.56,6.44,6.47,67181,6.397,6.386
2024-01-05,6.56,6.56,6.44,6.44,152020,6.3895,6.3911
2024-01-08,6.52,6.52,6.43,6.44,187532,6.3845,6.3958
2024-01-09,6.44,6.47,6.4,6.44,68149,6.383,6.4
2024-01-10,6.44,6.49,6.41,6.41,199709,6.376,6.4009
2024-01-11,6.46,6.46,6.38,6.43,51764,6.375,6.4037
2024-01-12,6.34,6.37,6.28,6.29,229100,6.3645,6.3929
2024-01-15,6.3,6.37,6.3,6.34,63133,6.3635,6.3878
2024-01-16,6.34,6.35,6.29,6.35,92100,6.37,6.3842
2024-01-17,6.34,6.38,6.33,6.33,88929,6.3745,6.3791
2024-01-18,6.38,6.38,6.29,6.34,67700,6.3795,6.3753
2024-01-19,6.35,6.41,6.35,6.37,54190,6.3825,6.3748
2024-01-22,6.37,6.38,6.31,6.37,79100,6.389,6.3744
2024-01-23,6.31,6.37,6.31,6.36,49585,6.3905,6.373
2024-01-24,6.33,6.43,6.32,6.32,77023,6.3895,6.368
2024-01-25,6.33,6.43,6.33,6.41,109700,6.392,6.372
2024-01-26,6.41,6.41,6.33,6.33,44202,6.386,6.368
2024-01-29,6.33,6.43,6.3,6.33,45220,6.384,6.3644
2024-01-30,6.32,6.52,6.29,6.49,221506,6.39,6.3763
2024-01-31,6.49,6.51,6.33,6.34,139851,6.38,6.3729
2024-02-01,6.33,6.43,6.31,6.31,56813,6.372,6.3669
2024-02-02,6.33,6.43,6.33,6.35,162106,6.3675,6.3653
2024-02-05,6.35,6.43,6.24,6.31,149554,6.361,6.36
2024-02-06,6.33,6.42,6.3,6.35,68100,6.3565,6.3591
2024-02-07,6.33,6.37,6.31,6.37,66060,6.3545,6.3601
2024-02-15,6.37,6.43,6.34,6.38,117600,6.352,6.362
2024-02-16,6.4,6.44,6.4,6.42,161784,6.3585,6.3675
2024-02-19,6.43,6.61,6.43,6.61,214943,6.372,6.3906
2024-02-20,6.72,6.72,6.54,6.61,155700,6.385,6.4115
2024-02-21,6.57,6.6,6.45,6.54,135301,6.3955,6.4237
2024-02-22,6.56,6.6,6.51,6.54,509910,6.4055,6.4348
2024-02-23,6.58,6.93,6.56,6.66,952738,6.42,6.4563
2024-02-26,6.7,6.87,6.62,6.79,473561,6.441,6.488
2024-02-27,6.88,6.88,6.71,6.82,226396,6.464,6.5197
2024-02-28,6.87,6.87,6.63,6.66,285797,6.481,6.533
2024-02-29,6.66,6.66,6.53,6.55,291591,6.488,6.5346
2024-03-01,6.55,6.61,6.54,6.61,137521,6.502,6.5418
2024-03-04,6.61,6.71,6.59,6.7,420700,6.5205,6.5569
2024-03-05,6.7,6.7,6.56,6.59,225161,6.5255,6.56
2024-03-06,6.65,6.67,6.57,6.59,125836,6.538,6.5629
2024-03-07,6.59,6.63,6.55,6.59,161614,6.552,6.5655
2024-03-08,6.57,6.59,6.44,6.55,210980,6.562,6.564
2024-03-11,6.55,6.61,6.47,6.5,147901,6.5715,6.5579
2024-03-12,6.5,6.56,6.47,6.5,107840,6.579,6.5524
2024-03-13,6.55,6.58,6.47,6.51,256019,6.586,6.5484
2024-03-14,6.51,6.58,6.5,6.51,157800,6.5925,6.5447
2024-03-15,6.49,6.55,6.47,6.52,241766,6.5975,6.5423
2024-03-18,6.52,6.55,6.33,6.52,399590,6.593,6.5402
2024-03-19,6.58,6.75,6.55,6.57,189150,6.591,6.5431
2024-03-20,6.65,6.65,6.52,6.57,101539,6.5925,6.5456
2024-03-21,6.57,6.76,6.56,6.66,383978,6.5985,6.5565
2024-03-22,6.74,6.74,6.61,6.63,168566,6.597,6.5635
2024-03-25,6.63,6.68,6.55,6.55,135805,6.585,6.5622
2024-03-26,6.55,6.55,6.45,6.51,139427,6.5695,6.5573
2024-03-27,6.55,6.7,6.51,6.55,124509,6.564,6.5566
2024-03-28,6.55,6.61,6.5,6.52,188212,6.5625,6.5531
2024-03-29,6.53,6.53,6.49,6.51,86241,6.5575,6.549
2024-04-01,6.51,6.53,6.47,6.48,128003,6.5465,6.5424
2024-04-02,6.48,6.48,6.39,6.44,237720,6.539,6.5327
2024-04-03,6.45,6.5,6.4,6.4,96600,6.5295,6.52
2024-04-04,6.45,6.45,6.32,6.33,145137,6.5165,6.5019
2024-04-05,6.33,6.41,6.16,6.33,129354,6.5055,6.4855
2024-04-08,6.33,6.34,6.23,6.24,88100,6.4925,6.4622
2024-04-09,6.24,6.31,6.17,6.3,168642,6.4825,6.4467
2024-04-10,6.31,6.33,6.22,6.33,67600,6.4735,6.4356
2024-04-11,6.2,6.36,6.18,6.21,76700,6.4585,6.4141
2024-04-12,6.29,6.29,6.14,6.15,153903,6.44,6.389
2024-04-15,6.0,6.13,5.73,5.74,255340,6.401,6.3272
2024-04-16,5.9,5.9,5.51,5.67,193012,6.356,6.2646
2024-04-17,5.67,5.77,5.63,5.63,47811,6.309,6.2041
2024-04-19,5.63,5.74,5.58,5.68,140534,6.26,6.1542
2024-04-22,5.69,6.06,5.69,5.97,123420,6.227,6.1367
2024-04-23,5.97,6.04,5.86,5.86,57100,6.1925,6.1103
2024-04-24,5.88,6.24,5.88,6.12,75100,6.173,6.1112
2024-04-25,6.1,6.38,6.09,6.29,215140,6.16,6.1283
2024-04-26,6.42,6.52,6.29,6.29,216400,6.1485,6.1437
2024-05-02,6.24,6.33,5.92,6.24,104140,6.135,6.1528
2024-05-03,6.24,6.24,5.97,6.08,89503,6.115,6.1459
2024-05-06,6.08,6.15,6.08,6.15,103002,6.1005,6.1463
2024-05-07,6.15,6.23,6.1,6.23,74900,6.092,6.1543
2024-05-08,6.15,6.38,6.14,6.33,170504,6.092,6.171
2024-05-09,6.43,6.43,6.16,6.33,18137,6.092,6.1861
2024-05-10,6.24,6.32,6.17,6.24,92401,6.092,6.1913
2024-05-13,6.31,6.31,6.2,6.29,51903,6.0915,6.2007
2024-05-14,6.29,6.29,6.22,6.27,92501,6.0885,6.2073
2024-05-15,6.27,6.36,6.21,6.23,113152,6.0895,6.2094
2024-05-16,6.26,6.42,6.23,6.26,105753,6.095,6.2143
2024-05-17,6.24,6.29,6.21,6.26,48403,6.121,6.2186
2024-05-20,6.37,6.37,6.24,6.24,111900,6.1495,6.2207
2024-05-21,6.24,6.26,6.2,6.23,241130,6.1795,6.2215
2024-05-22,6.24,6.26,6.21,6.21,172106,6.206,6.2204
2024-05-23,6.24,6.24,6.15,6.2,174002,6.2175,6.2185
2024-05-24,6.2,6.22,6.11,6.13,65678,6.231,6.2101
2024-05-27,6.22,6.22,6.13,6.15,56365,6.2325,6.2043
2024-05-28,6.16,6.21,6.12,6.14,55565,6.225,6.1982
2024-05-29,6.21,6.38,6.13,6.3,254557,6.2255,6.2079
2024-05-30,6.15,6.31,6.15,6.25,88163,6.226,6.2119
2024-05-31,6.25,6.25,6.19,6.19,70534,6.2315,6.2098
2024-06-03,6.2,6.29,6.13,6.21,158563,6.2345,6.2098
2024-06-04,6.21,6.29,6.16,6.2,46402,6.233,6.2089
2024-06-05,6.2,6.36,6.2,6.28,350760,6.2305,6.2157
2024-06-06,6.26,6.61,6.26,6.38,361705,6.233,6.2313
2024-06-07,6.54,6.54,6.33,6.39,183900,6.2405,6.2464
2024-06-10,6.39,6.4,6.28,6.29,198704,6.2405,6.2506
2024-06-11,6.29,6.29,6.24,6.24,86270,6.239,6.2496
2024-06-12,6.24,6.25,6.15,6.24,98001,6.2395,6.2487
2024-06-13,6.3,6.33,6.2,6.24,144215,6.2385,6.2478
2024-06-14,6.25,6.31,6.16,6.16,127600,6.2335,6.2395
2024-06-17,6.19,6.19,6.13,6.16,52800,6.2295,6.2319
2024-06-18,6.16,6.26,6.16,6.2,107800,6.228,6.2289
2024-06-19,6.16,6.24,6.13,6.21,86401,6.228,6.2271
2024-06-20,6.21,6.21,6.13,6.2,132601,6.228,6.2245
2024-06-21,6.21,6.21,6.13,6.13,209612,6.228,6.2155
2024-06-24,6.15,6.21,6.1,6.12,134722,6.2265,6.2064
2024-06-25,6.15,6.17,6.14,6.15,41205,6.227,6.201
2024-06-26,6.15,6.15,6.14,6.15,75302,6.2195,6.1962
2024-06-27,6.23,6.23,6.13,6.15,36930,6.2145,6.1918
2024-06-28,6.12,6.18,6.12,6.12,33200,6.211,6.1849
2024-07-01,6.15,6.15,6.06,6.1,39128,6.2055,6.1768
2024-07-02,6.12,6.28,6.1,6.13,33200,6.202,6.1724
2024-07-03,6.13,6.15,6.12,6.14,101178,6.195,6.1693
2024-07-04,6.14,6.15,6.1,6.13,50601,6.1825,6.1656
2024-07-05,6.09,6.13,6.09,6.13,45210,6.1695,6.1622
2024-07-08,6.14,6.14,6.08,6.09,68300,6.1595,6.1553
2024-07-09,6.08,6.17,6.06,6.17,54918,6.156,6.1567
2024-07-10,6.16,6.18,6.11,6.15,33402,6.1515,6.1561
2024-07-11,6.15,6.15,6.1,6.14,60731,6.1465,6.1545
2024-07-12,6.14,6.15,6.08,6.1,27806,6.1435,6.1493
2024-07-15,6.1,6.13,6.09,6.09,28524,6.14,6.1437
2024-07-16,6.09,6.1,6.05,6.08,119700,6.134,6.1376
2024-07-17,6.13,6.13,5.88,5.89,75000,6.118,6.114
2024-07-18,5.89,5.95,5.88,5.95,43932,6.1055,6.0984
2024-07-19,5.95,5.97,5.84,5.85,45904,6.0915,6.0748
2024-07-22,5.79,5.88,5.69,5.72,15700,6.0715,6.041
2024-07-23,5.88,5.88,5.7,5.7,26998,6.049,6.0085
2024-07-24,5.88,5.94,5.7,5.73,13592,6.028,5.982
2024-07-25,5.72,5.86,5.72,5.76,15715,6.0085,5.9608
2024-07-26,5.76,5.82,5.69,5.77,74305,5.991,5.9427
2024-07-29,5.88,5.88,5.75,5.76,72209,5.974,5.9253
2024-07-30,5.76,5.77,5.69,5.69,40909,5.952,5.9029
2024-07-31,5.69,5.71,5.62,5.65,78602,5.9275,5.8788
2024-08-01,5.65,5.66,5.59,5.59,78200,5.9005,5.8513
2024-08-02,5.65,5.65,5.33,5.55,98900,5.8715,5.8226
2024-08-05,5.32,5.54,5.19,5.19,59700,5.8265,5.7623
2024-08-06,5.32,5.48,4.83,5.48,76800,5.792,5.7354
2024-08-07,5.64,5.64,5.32,5.46,66400,5.7575,5.7092
2024-08-08,5.46,5.51,5.38,5.44,18204,5.7225,5.6836
2024-08-09,5.43,5.48,5.37,5.42,25480,5.6885,5.6585
2024-08-12,5.25,5.44,5.25,5.44,38608,5.656,5.6377
2024-08-13,5.43,5.44,5.32,5.32,46500,5.618,5.6074
2024-08-14,5.32,5.4,5.23,5.32,35497,5.5895,5.58
2024-08-15,5.32,5.32,5.31,5.32,4100,5.558,5.5553
2024-08-16,5.42,5.42,5.35,5.4,102829,5.5355,5.5405
2024-08-19,5.39,5.46,5.34,5.45,108219,5.522,5.5319
2024-08-20,5.45,5.49,5.43,5.47,130200,5.5105,5.526
2024-08-21,5.45,5.47,5.38,5.46,32164,5.497,5.5197
2024-08-22,5.5,5.5,5.42,5.44,55200,5.481,5.5121
2024-08-23,5.44,5.44,5.41,5.42,43624,5.4635,5.5033
2024-08-26,5.42,5.43,5.41,5.41,177900,5.446,5.4944
2024-08-27,5.41,5.42,5.4,5.42,26203,5.4325,5.4874
2024-08-28,5.42,5.48,5.42,5.42,20527,5.421,5.4809
2024-08-29,5.46,5.46,5.32,5.32,41501,5.4075,5.4656
2024-08-30,5.32,5.45,5.23,5.28,85703,5.394,5.4479
2024-09-04,5.35,5.65,5.35,5.65,168401,5.417,5.4672
2024-09-05,6.01,6.01,5.65,5.69,109207,5.4275,5.4884
2024-09-06,5.69,5.69,5.32,5.65,44421,5.437,5.5038
2024-09-09,5.65,5.65,5.46,5.65,35210,5.4475,5.5177
2024-09-10,5.65,5.69,5.64,5.67,57819,5.46,5.5322
2024-09-11,5.67,5.67,5.57,5.6,50329,5.468,5.5387
2024-09-12,5.77,5.77,5.57,5.6,68866,5.482,5.5445
2024-09-13,5.82,5.82,5.6,5.66,76702,5.499,5.5555
2024-09-16,5.66,5.7,5.6,5.6,69251,5.513,5.5597
2024-09-17,5.6,5.68,5.57,5.6,54354,5.523,5.5636
2024-09-18,5.6,5.6,5.51,5.51,56500,5.526,5.5585
2024-09-19,5.45,5.59,5.45,5.5,62599,5.5275,5.5529
2024-09-20,5.5,5.6,5.5,5.58,64105,5.5335,5.5555
2024-09-23,5.5,5.6,5.4,5.56,138000,5.5395,5.5559
2024-09-24,5.47,5.56,5.45,5.49,16706,5.543,5.5496
2024-09-25,5.45,5.56,5.45,5.5,66482,5.5475,5.5449
2024-09-26,5.5,5.59,5.43,5.44,50500,5.5485,5.5349
2024-09-27,5.45,5.55,5.45,5.48,17300,5.5515,5.5297
2024-09-30,5.45,5.48,5.45,5.47,27300,5.559,5.524
2024-10-01,5.48,5.54,5.47,5.47,77000,5.5685,5.5189
2024-10-02,5.47,5.53,5.47,5.47,21200,5.5595,5.5142
2024-10-03,5.4,5.5,5.4,5.46,29200,5.548,5.509
2024-10-04,5.4,5.56,5.35,5.46,5100,5.5385,5.5044
2024-10-07,5.46,5.46,5.4,5.45,23500,5.5285,5.4992
2024-10-08,5.49,5.5,5.44,5.45,36500,5.5175,5.4945
2024-10-09,5.4,5.47,5.4,5.45,34700,5.51,5.4903
2024-10-10,5.25,5.45,5.25,5.4,67400,5.5,5.4817
2024-10-11,5.4,5.4,5.35,5.39,16600,5.4865,5.4729
2024-10-14,5.36,5.45,5.36,5.42,81700,5.4775,5.4679
2024-10-15,5.4,5.4,5.33,5.36,31900,5.4655,5.4576
2024-10-16,5.36,5.37,5.35,5.36,3900,5.458,5.4483
2024-10-17,5.54,5.54,5.35,5.36,36500,5.451,5.4399
2024-10-18,5.45,5.6,5.41,5.48,54900,5.446,5.4437
2024-10-21,5.55,5.55,5.39,5.39,38100,5.4375,5.4386
2024-10-22,5.42,5.76,5.42,5.51,123400,5.4385,5.4454
2024-10-23,5.51,5.69,5.51,5.6,20700,5.4435,5.4601
2024-10-24,5.69,5.69,5.5,5.6,36200,5.4515,5.4735
2024-10-25,5.48,5.64,5.41,5.59,33600,5.457,5.4846
2024-10-28,5.5,5.6,5.45,5.6,24300,5.4635,5.4956
2024-10-29,5.6,5.72,5.6,5.68,75300,5.474,5.5131
2024-10-30,5.6,5.72,5.6,5.68,15700,5.4845,5.529
2024-10-31,5.6,5.68,5.59,5.67,20900,5.495,5.5424
2024-11-01,5.68,5.68,5.56,5.56,19200,5.5,5.5441
2024-11-04,5.56,5.6,5.56,5.59,22800,5.507,5.5485
2024-11-05,5.56,5.7,5.56,5.6,18400,5.5145,5.5534
2024-11-06,5.6,5.65,5.55,5.65,20400,5.5245,5.5626
2024-11-07,5.65,5.65,5.61,5.65,10400,5.537,5.5709
2024-11-08,5.69,5.69,5.63,5.64,13000,5.5495,5.5775
2024-11-11,5.61,5.65,5.6,5.6,19700,5.5585,5.5796
2024-11-12,5.6,5.7,5.55,5.56,24100,5.5685,5.5778
2024-11-13,5.69,5.69,5.4,5.54,22500,5.5775,5.5742
2024-11-14,5.61,5.65,5.51,5.51,11600,5.585,5.5681
2024-11-15,5.65,5.65,5.4,5.41,82400,5.5815,5.553
2024-11-18,5.59,5.59,5.4,5.54,34000,5.589,5.5518
2024-11-19,5.57,5.57,5.4,5.5,4100,5.5885,5.5468
2024-11-20,5.5,5.58,5.5,5.55,21000,5.586,5.5471
2024-11-21,5.5,5.56,5.48,5.55,9100,5.5835,5.5474
2024-11-22,5.5,5.55,5.43,5.43,6900,5.5755,5.5362
2024-11-25,5.43,5.54,5.43,5.54,22400,5.5725,5.5366
2024-11-26,5.55,5.55,5.5,5.54,26800,5.5655,5.5369
2024-11-27,5.47,5.5,5.45,5.5,27400,5.5565,5.5334
2024-11-28,5.5,5.56,5.5,5.51,30100,5.5485,5.5312
2024-11-29,5.57,5.58,5.5,5.55,50400,5.548,5.533
2024-12-02,5.55,5.59,5.47,5.49,22500,5.543,5.5289
2024-12-03,5.5,5.5,5.47,5.47,39400,5.5365,5.5233
2024-12-04,5.47,5.54,5.26,5.45,13600,5.5265,5.5163
2024-12-05,5.45,5.48,5.07,5.43,183500,5.5155,5.5081
2024-12-06,5.43,5.5,5.43,5.49,25700,5.508,5.5063
2024-12-09,5.49,5.49,5.35,5.49,34700,5.5025,5.5048
2024-12-10,5.48,5.53,5.36,5.5,120100,5.4995,5.5043
2024-12-11,5.4,5.49,5.4,5.43,11000,5.494,5.4973
2024-12-12,5.5,5.5,5.45,5.47,26400,5.492,5.4947
2024-12-13,5.48,5.48,5.45,5.45,35300,5.494,5.4904
2024-12-16,5.45,5.45,5.13,5.44,46900,5.489,5.4856
2024-12-17,5.45,5.46,5.3,5.46,16800,5.487,5.4832
2024-12-18,5.4,5.47,5.4,5.4,88500,5.4795,5.4752
2024-12-19,5.35,5.39,5.35,5.38,13300,5.471,5.4662
2024-12-20,5.38,5.45,5.38,5.45,25200,5.472,5.4646
2024-12-23,5.39,5.48,5.39,5.48,13700,5.469,5.4661
2024-12-24,5.5,5.86,5.41,5.86,340500,5.485,5.5036
2024-12-25,6.09,6.09,5.86,5.93,106600,5.5065,5.5442
2024-12-26,5.9,5.99,5.72,5.72,45100,5.517,5.561
2024-12-27,5.75,5.9,5.68,5.7,64600,5.5245,5.5742
2024-12-30,5.7,5.7,5.55,5.69,81700,5.5345,5.5852
2024-12-31,5.7,5.7,5.54,5.66,61000,5.544,5.5924
2025-01-02,5.66,5.66,5.55,5.57,36500,5.55,5.5902
2025-01-03,5.57,5.69,5.5,5.53,19500,5.555,5.5845
2025-01-06,5.55,5.55,5.32,5.42,62300,5.5515,5.5688
2025-01-07,5.42,5.42,5.3,5.4,38300,5.547,5.5527
2025-01-08,5.4,5.54,5.4,5.4,9400,5.542,5.5382
2025-01-09,5.36,5.5,5.36,5.37,28100,5.539,5.5222
2025-01-10,5.38,5.52,5.38,5.42,27200,5.5365,5.5124
2025-01-13,5.41,5.5,5.31,5.43,16800,5.5355,5.5046
2025-01-14,5.35,5.49,5.35,5.46,24100,5.5365,5.5003
2025-01-15,5.46,5.6,5.38,5.5,48800,5.5385,5.5003
2025-01-16,5.5,5.6,5.5,5.54,11700,5.5455,5.5041
2025-01-17,5.51,5.55,5.46,5.54,17000,5.5535,5.5075
2025-01-20,5.54,5.54,5.16,5.26,94500,5.544,5.4839
2025-01-21,5.26,5.4,5.26,5.34,49000,5.537,5.4702
2025-01-22,5.34,5.35,5.3,5.3,18400,5.509,5.454
2025-01-23,5.39,5.39,5.3,5.38,14300,5.4815,5.447
2025-01-24,5.37,5.37,5.3,5.31,35800,5.461,5.4339
2025-02-03,5.32,5.34,5.2,5.3,137200,5.441,5.4212
2025-02-04,5.32,5.32,5.2,5.32,112300,5.4225,5.4115
2025-02-05,5.32,5.34,5.3,5.34,19500,5.4065,5.4047
2025-02-06,5.3,5.38,5.3,5.34,23500,5.395,5.3986
2025-02-07,5.32,5.66,5.3,5.44,89000,5.3905,5.4025
2025-02-10,5.4,5.52,5.36,5.44,49100,5.3915,5.4061
2025-02-11,5.36,5.45,5.36,5.45,22900,5.394,5.4103
2025-02-12,5.45,5.47,5.4,5.47,34100,5.3975,5.4159
2025-02-13,5.54,5.79,5.45,5.7,153600,5.414,5.443
2025-02-14,5.78,5.78,5.57,5.64,34200,5.425,5.4618
2025-02-17,5.55,5.65,5.25,5.59,85700,5.433,5.474
2025-02-18,5.5,5.69,5.5,5.58,137600,5.439,5.4841
2025-02-19,5.59,5.66,5.5,5.58,395100,5.443,5.4932
2025-02-20,5.66,5.66,5.52,5.57,48500,5.4445,5.5005
2025-02-21,5.55,5.6,5.3,5.52,74900,5.4435,5.5024
2025-02-24,5.38,5.49,5.38,5.48,101400,5.4545,5.5002
2025-02-25,5.47,5.49,5.41,5.48,88100,5.4615,5.4983
2025-02-26,5.48,5.5,5.46,5.47,61200,5.47,5.4956
2025-02-27,5.45,5.54,5.45,5.54,48800,5.478,5.4998
2025-02-28,5.59,5.59,5.5,5.54,56500,5.4895,5.5037
2025-03-03,5.54,5.59,5.46,5.48,25200,5.4985,5.5014
2025-03-04,5.48,5.5,5.21,5.46,139500,5.5055,5.4975
2025-03-05,5.46,5.46,5.4,5.45,41600,5.511,5.493
2025-03-06,5.45,5.49,5.45,5.46,45700,5.517,5.4898
2025-03-07,5.46,5.47,5.44,5.46,54500,5.518,5.487
2025-03-10,5.46,5.48,5.42,5.45,74800,5.5185,5.4835
2025-03-11,5.47,5.48,5.4,5.46,54700,5.519,5.4812
2025-03-12,5.42,5.5,5.42,5.48,22800,5.5195,5.4811
2025-03-13,5.48,5.53,5.42,5.48,52900,5.5085,5.481
2025-03-14,5.48,5.64,5.48,5.5,98500,5.5015,5.4828
2025-03-17,5.46,5.56,5.46,5.56,43600,5.5,5.4902
2025-03-18,5.56,5.56,5.52,5.53,26300,5.4975,5.494
2025-03-19,5.55,5.55,5.45,5.52,59600,5.4945,5.4964
2025-03-20,5.52,5.53,5.45,5.5,45900,5.491,5.4968
2025-03-21,5.46,5.5,5.46,5.49,21000,5.4895,5.4961
2025-03-24,5.5,5.53,5.49,5.49,28100,5.49,5.4955
2025-03-25,5.47,5.5,5.45,5.5,130700,5.491,5.496
2025-03-26,5.5,5.5,5.44,5.49,64100,5.492,5.4954
2025-03-27,5.45,5.48,5.31,5.31,128900,5.4805,5.4777
2025-03-28,5.44,5.45,5.4,5.4,28500,5.4735,5.4703
2025-03-31,5.4,5.49,5.35,5.44,33200,5.4715,5.4674
2025-04-01,5.45,5.46,5.4,5.46,13400,5.4715,5.4667
2025-04-02,5.38,5.49,5.38,5.46,22300,5.472,5.4661
2025-04-03,5.34,5.34,5.08,5.08,270400,5.453,5.4293
2025-04-04,4.74,5.06,4.73,4.99,137000,5.4295,5.3875
2025-04-08,4.9,4.9,4.65,4.65,148700,5.3895,5.3172
2025-04-09,4.36,4.7,4.36,4.6,44400,5.3465,5.2489
2025-04-10,4.92,4.92,4.92,4.92,89100,5.3185,5.2176
2025-04-11,5.1,5.1,4.95,5.1,59800,5.2995,5.2064
2025-04-14,5.1,5.11,4.98,5.01,5900,5.275,5.1877
2025-04-15,5.0,5.05,4.95,5.0,49800,5.247,5.1698
2025-04-16,4.88,5.0,4.88,4.98,2800,5.2195,5.1517
2025-04-17,5.0,5.0,4.9,4.99,24600,5.193,5.1363
2025-04-18,5.02,5.03,4.96,4.96,36100,5.166,5.1196
2025-04-21,5.02,5.02,4.96,4.99,11500,5.141,5.1072
2025-04-22,4.9,4.99,4.7,4.9,86000,5.1115,5.0875
2025-04-23,4.9,5.1,4.9,5.0,266900,5.0865,5.0791
2025-04-24,5.0,5.0,4.94,4.98,19700,5.061,5.0697
2025-04-25,5.09,5.16,5.05,5.1,86400,5.0505,5.0726
2025-04-28,5.1,5.24,5.1,5.18,68600,5.0395,5.0828
2025-04-29,5.11,5.3,5.11,5.13,57200,5.024,5.0873
2025-05-05,5.09,5.29,5.09,5.18,15400,5.01,5.0961
2025-05-06,5.17,5.2,5.11,5.2,122200,4.997,5.106
2025-05-07,5.13,5.18,5.13,5.13,9800,4.9995,5.1083
2025-05-08,5.2,5.2,5.05,5.18,28900,5.009,5.1151
2025-05-09,5.18,5.18,5.1,5.17,18500,5.035,5.1204
2025-05-12,5.17,5.17,5.14,5.17,21300,5.0635,5.1251
2025-05-13,5.17,5.17,5.0,5.09,154100,5.072,5.1218
2025-05-14,5.1,5.1,5.05,5.1,83500,5.072,5.1197
2025-05-15,5.1,5.12,5.01,5.1,24600,5.0765,5.1178
2025-05-16,5.15,5.15,5.05,5.07,30200,5.08,5.1133
2025-05-19,5.05,5.09,5.01,5.08,61400,5.085,5.1101
2025-05-20,5.0,5.07,5.0,5.06,29300,5.0885,5.1053
2025-05-21,5.07,5.12,5.04,5.05,46900,5.093,5.1
2025-05-22,5.05,5.1,5.02,5.05,72800,5.096,5.0953
2025-05-23,5.05,5.1,5.01,5.05,36500,5.1035,5.091
2025-05-26,5.06,5.08,5.05,5.08,98100,5.1075,5.0899
2025-05-27,5.3,5.3,5.07,5.08,77700,5.1125,5.089
2025-05-28,5.08,5.08,5.05,5.08,98400,5.1115,5.0881
2025-05-29,5.05,5.1,5.03,5.07,142200,5.106,5.0864
2025-05-30,5.25,5.25,5.04,5.09,25400,5.104,5.0867
2025-06-02,5.09,5.09,4.9,5.08,58100,5.099,5.0861
2025-06-03,5.09,5.3,5.08,5.21,295200,5.0995,5.0979
2025-06-04,5.2,5.24,5.16,5.2,121500,5.103,5.1076
2025-06-05,5.11,5.19,5.11,5.19,52300,5.1035,5.1155
2025-06-06,5.19,5.19,5.1,5.14,63500,5.102,5.1178
2025-06-09,5.14,5.14,5.07,5.09,29600,5.098,5.1152
2025-06-10,5.14,5.14,5.06,5.06,51400,5.0965,5.1099
2025-06-11,5.06,5.13,5.03,5.13,79000,5.098,5.1118
2025-06-12,5.18,5.18,5.0,5.14,63600,5.1,5.1145
2025-06-13,5.04,5.11,5.02,5.07,40400,5.1,5.1103
2025-06-16,5.04,5.11,5.04,5.11,103800,5.1015,5.1102
2025-06-17,5.05,5.15,5.05,5.07,76100,5.102,5.1064
2025-06-18,5.07,5.08,5.06,5.06,31500,5.1025,5.102
2025-06-19,5.17,5.17,5.1,5.11,3900,5.1055,5.1027
2025-06-20,5.06,5.13,5.05,5.12,39000,5.109,5.1044
2025-06-23,5.11,5.12,5.01,5.09,38200,5.1095,5.103
2025-06-24,5.11,5.14,5.09,5.09,24900,5.11,5.1018
2025-06-25,5.09,5.09,5.0,5.0,237500,5.106,5.0921
2025-06-26,5.1,5.1,5.01,5.07,18500,5.106,5.09
2025-06-27,5.07,5.07,5.0,5.05,96800,5.104,5.0862
2025-06-30,5.05,5.08,5.0,5.05,95000,5.1025,5.0827
2025-07-01,5.05,5.08,5.0,5.05,145300,5.0945,5.0796
2025-07-02,5.05,5.08,5.02,5.03,67400,5.086,5.0749
2025-07-03,5.02,5.06,5.02,5.03,9700,5.078,5.0706
2025-07-04,5.04,5.08,5.03,5.06,45300,5.074,5.0696
2025-07-07,5.04,5.08,5.02,5.07,107200,5.073,5.0696
2025-07-08,5.1,5.2,5.03,5.2,493700,5.08,5.0821
2025-07-09,5.2,5.29,5.18,5.23,200600,5.085,5.0961
2025-07-10,5.25,5.28,5.19,5.23,192400,5.0895,5.1089
2025-07-11,5.22,5.22,5.11,5.15,277700,5.0935,5.1128
2025-07-14,5.15,5.17,5.09,5.16,67800,5.096,5.1173
2025-07-15,5.13,5.2,5.12,5.17,125000,5.101,5.1223
2025-07-16,5.13,5.4,5.13,5.36,314700,5.116,5.145
2025-07-17,5.36,5.41,5.25,5.34,228200,5.1275,5.1635
2025-07-18,5.27,5.4,5.25,5.32,186300,5.1375,5.1784
2025-07-21,5.4,5.4,5.2,5.26,263400,5.146,5.1862
2025-07-22,5.26,5.3,5.2,5.26,295500,5.1545,5.1932
2025-07-23,5.26,5.3,5.15,5.24,190300,5.1665,5.1977
2025-07-24,5.29,5.29,5.2,5.24,153500,5.175,5.2017
2025-07-25,5.21,5.28,5.21,5.25,150100,5.185,5.2063
2025-07-28,5.26,5.38,5.26,5.34,216200,5.1995,5.219
2025-07-29,5.4,5.4,5.17,5.17,256800,5.2055,5.2144
2025-07-30,5.25,5.27,5.14,5.27,120600,5.2175,5.2197
2025-07-31,5.4,5.4,5.15,5.21,186100,5.2265,5.2188
2025-08-01,5.24,5.25,5.19,5.23,84400,5.235,5.2198
2025-08-04,5.23,5.26,5.2,5.22,64200,5.2425,5.2198
2025-08-05,5.22,5.3,5.18,5.18,189400,5.2415,5.216
2025-08-06,5.25,5.25,5.17,5.22,69200,5.241,5.2164
2025-08-07,5.24,5.24,5.21,5.22,72000,5.2405,5.2168
2025-08-08,5.22,5.25,5.18,5.23,210600,5.2445,5.218
2025-08-11,5.24,5.47,5.24,5.39,311400,5.256,5.2344
2025-08-12,5.4,5.43,5.32,5.4,61300,5.2675,5.2502
2025-08-13,5.45,5.77,5.45,5.77,1402600,5.288,5.2997
2025-08-14,6.16,6.17,5.99,6.17,1215400,5.3295,5.3826
2025-08-15,6.6,6.6,6.2,6.39,1121000,5.383,5.4785
2025-08-18,6.4,6.6,6.18,6.28,759900,5.434,5.5548
2025-08-19,6.16,6.4,6.1,6.28,486400,5.485,5.6239
2025-08-20,6.29,6.3,5.9,5.96,450500,5.521,5.6559
2025-08-21,5.96,5.96,5.74,5.75,411700,5.5465,5.6649
2025-08-22,5.75,5.75,5.5,5.66,303900,5.567,5.6644
2025-08-25,5.85,5.85,5.55,5.56,152400,5.578,5.6545
2025-08-26,5.7,5.7,5.51,5.68,96400,5.6035,5.6569
2025-08-27,5.9,5.9,5.58,5.65,182100,5.6225,5.6562
2025-08-28,5.66,5.68,5.57,5.57,135700,5.6405,5.648
2025-08-29,5.57,5.7,5.57,5.62,91700,5.66,5.6454
2025-09-03,5.8,5.8,5.6,5.77,222600,5.6875,5.6572
2025-09-04,5.77,6.02,5.72,5.9,325700,5.7235,5.6804
2025-09-05,5.92,6.1,5.89,5.89,288000,5.757,5.7003
2025-09-08,5.88,5.9,5.7,5.7,185800,5.781,5.7003
2025-09-09,5.7,5.82,5.68,5.68,85900,5.8035,5.6984
2025-09-10,5.7,5.75,5.6,5.62,69500,5.815,5.6909
2025-09-11,5.62,5.75,5.58,5.61,128600,5.8255,5.6832
2025-09-12,5.62,5.75,5.62,5.71,65500,5.8225,5.6857
2025-09-15,5.8,5.88,5.68,5.75,212100,5.8015,5.6919
2025-09-16,5.75,5.75,5.68,5.68,92900,5.766,5.6907
2025-09-17,5.7,5.8,5.67,5.76,244400,5.74,5.6973
2025-09-18,5.76,5.76,5.7,5.7,157600,5.711,5.6976
2025-09-19,5.69,5.74,5.69,5.72,72900,5.699,5.6997
2025-09-22,5.72,5.77,5.66,5.72,216400,5.6975,5.7017
2025-09-23,5.72,5.72,5.67,5.7,48700,5.6995,5.7015
2025-09-24,5.63,5.71,5.61,5.7,85300,5.7065,5.7014
2025-09-25,5.7,5.8,5.6,5.74,142100,5.7095,5.705
2025-09-26,5.74,5.75,5.65,5.74,75400,5.714,5.7084
2025-09-29,5.74,5.75,5.62,5.71,109600,5.721,5.7085
2025-09-30,5.71,5.71,5.59,5.71,238400,5.7255,5.7087
2025-10-01,5.7,5.72,5.65,5.66,58300,5.72,5.704
2025-10-02,5.71,5.77,5.62,5.67,188000,5.7085,5.7008
2025-10-03,5.67,5.8,5.67,5.76,277900,5.702,5.7064
2025-10-06,5.76,5.82,5.67,5.82,234200,,
2025-10-07,5.87,5.97,5.76,5.82,306600,,
